Project Name,Package Name,Type Name,NOF,NOPF,NOM,NOPM,LOC,WMC,NC,DIT,LCOM,FANIN,FANOUT,File path,Line no
s3fs-nio,org.carlspring.cloud.storage.s3fs.attribute,S3BasicFileAttributes,6,0,13,13,52,13,1,0,0.23076923076923078,7,0,C:\Users\Dury233\Desktop\dal ass\3130\A3\s3fs-nio\src\main\java\org\carlspring\cloud\storage\s3fs\attribute\S3BasicFileAttributes.java,8
s3fs-nio,org.carlspring.cloud.storage.s3fs.attribute,S3BasicFileAttributeView,1,0,4,4,14,4,0,0,0.75,0,1,C:\Users\Dury233\Desktop\dal ass\3130\A3\s3fs-nio\src\main\java\org\carlspring\cloud\storage\s3fs\attribute\S3BasicFileAttributeView.java,10
s3fs-nio,org.carlspring.cloud.storage.s3fs.attribute,S3PosixFileAttributes,3,0,4,4,20,4,0,1,0.0,2,0,C:\Users\Dury233\Desktop\dal ass\3130\A3\s3fs-nio\src\main\java\org\carlspring\cloud\storage\s3fs\attribute\S3PosixFileAttributes.java,6
s3fs-nio,org.carlspring.cloud.storage.s3fs.attribute,S3PosixFileAttributeView,2,0,9,9,33,10,0,0,0.6666666666666666,0,1,C:\Users\Dury233\Desktop\dal ass\3130\A3\s3fs-nio\src\main\java\org\carlspring\cloud\storage\s3fs\attribute\S3PosixFileAttributeView.java,10
s3fs-nio,org.carlspring.cloud.storage.s3fs.attribute,S3UserPrincipal,1,0,2,2,9,2,0,0,0.0,1,0,C:\Users\Dury233\Desktop\dal ass\3130\A3\s3fs-nio\src\main\java\org\carlspring\cloud\storage\s3fs\attribute\S3UserPrincipal.java,5
s3fs-nio,org.carlspring.cloud.storage.s3fs,S3AccessControlList,2,0,5,4,38,7,0,0,0.0,1,1,C:\Users\Dury233\Desktop\dal ass\3130\A3\s3fs-nio\src\main\java\org\carlspring\cloud\storage\s3fs\S3AccessControlList.java,9
s3fs-nio,org.carlspring.cloud.storage.s3fs,S3AwsRegionProviderChain,2,0,2,1,28,2,0,0,1.0,2,0,C:\Users\Dury233\Desktop\dal ass\3130\A3\s3fs-nio\src\main\java\org\carlspring\cloud\storage\s3fs\S3AwsRegionProviderChain.java,10
s3fs-nio,org.carlspring.cloud.storage.s3fs,S3AwsRegionProviderChain.Builder,2,0,0,0,17,0,0,0,-1.0,0,0,C:\Users\Dury233\Desktop\dal ass\3130\A3\s3fs-nio\src\main\java\org\carlspring\cloud\storage\s3fs\S3AwsRegionProviderChain.java,33
s3fs-nio,org.carlspring.cloud.storage.s3fs,S3ClientFactory,0,0,1,0,5,1,0,1,-1.0,1,0,C:\Users\Dury233\Desktop\dal ass\3130\A3\s3fs-nio\src\main\java\org\carlspring\cloud\storage\s3fs\S3ClientFactory.java,6
s3fs-nio,org.carlspring.cloud.storage.s3fs,S3Factory,26,22,15,1,218,34,1,0,0.0,3,1,C:\Users\Dury233\Desktop\dal ass\3130\A3\s3fs-nio\src\main\java\org\carlspring\cloud\storage\s3fs\S3Factory.java,32
s3fs-nio,org.carlspring.cloud.storage.s3fs,S3FileChannel,8,0,15,14,257,29,0,0,0.0,1,1,C:\Users\Dury233\Desktop\dal ass\3130\A3\s3fs-nio\src\main\java\org\carlspring\cloud\storage\s3fs\S3FileChannel.java,37
s3fs-nio,org.carlspring.cloud.storage.s3fs,S3FileStore,2,0,21,18,128,34,0,0,0.38095238095238093,5,2,C:\Users\Dury233\Desktop\dal ass\3130\A3\s3fs-nio\src\main\java\org\carlspring\cloud\storage\s3fs\S3FileStore.java,16
s3fs-nio,org.carlspring.cloud.storage.s3fs,S3FileStoreAttributeView,5,1,4,3,0,7,0,0,0.5,1,0,C:\Users\Dury233\Desktop\dal ass\3130\A3\s3fs-nio\src\main\java\org\carlspring\cloud\storage\s3fs\S3FileStoreAttributeView.java,6
s3fs-nio,org.carlspring.cloud.storage.s3fs,S3FileStoreAttributeView.AttrID,0,0,0,0,1,0,0,0,-1.0,0,0,C:\Users\Dury233\Desktop\dal ass\3130\A3\s3fs-nio\src\main\java\org\carlspring\cloud\storage\s3fs\S3FileStoreAttributeView.java,21
s3fs-nio,org.carlspring.cloud.storage.s3fs,S3FileSystem,6,0,23,23,132,33,0,0,0.391304347826087,12,3,C:\Users\Dury233\Desktop\dal ass\3130\A3\s3fs-nio\src\main\java\org\carlspring\cloud\storage\s3fs\S3FileSystem.java,19
s3fs-nio,org.carlspring.cloud.storage.s3fs,S3FileSystemConfigurationException,1,0,1,1,6,1,0,0,0.0,1,0,C:\Users\Dury233\Desktop\dal ass\3130\A3\s3fs-nio\src\main\java\org\carlspring\cloud\storage\s3fs\S3FileSystemConfigurationException.java,3
s3fs-nio,org.carlspring.cloud.storage.s3fs,S3FileSystemProvider,8,2,55,33,597,116,0,0,0.16363636363636364,14,10,C:\Users\Dury233\Desktop\dal ass\3130\A3\s3fs-nio\src\main\java\org\carlspring\cloud\storage\s3fs\S3FileSystemProvider.java,110
s3fs-nio,org.carlspring.cloud.storage.s3fs,S3FilteredIterator,4,0,6,4,48,10,0,0,0.3333333333333333,0,2,C:\Users\Dury233\Desktop\dal ass\3130\A3\s3fs-nio\src\main\java\org\carlspring\cloud\storage\s3fs\S3FilteredIterator.java,9
s3fs-nio,org.carlspring.cloud.storage.s3fs,S3Iterator,11,1,14,6,156,32,0,0,0.21428571428571427,2,4,C:\Users\Dury233\Desktop\dal ass\3130\A3\s3fs-nio\src\main\java\org\carlspring\cloud\storage\s3fs\S3Iterator.java,22
s3fs-nio,org.carlspring.cloud.storage.s3fs,S3ObjectId,4,0,8,7,79,11,0,0,0.375,3,0,C:\Users\Dury233\Desktop\dal ass\3130\A3\s3fs-nio\src\main\java\org\carlspring\cloud\storage\s3fs\S3ObjectId.java,5
s3fs-nio,org.carlspring.cloud.storage.s3fs,S3ObjectId.Builder,2,0,0,0,38,0,0,0,-1.0,0,0,C:\Users\Dury233\Desktop\dal ass\3130\A3\s3fs-nio\src\main\java\org\carlspring\cloud\storage\s3fs\S3ObjectId.java,71
s3fs-nio,org.carlspring.cloud.storage.s3fs,S3OutputStream,13,0,21,11,316,38,0,0,0.14285714285714285,1,1,C:\Users\Dury233\Desktop\dal ass\3130\A3\s3fs-nio\src\main\java\org\carlspring\cloud\storage\s3fs\S3OutputStream.java,35
s3fs-nio,org.carlspring.cloud.storage.s3fs,S3OutputStream.StreamAlreadyClosedException,0,0,0,0,5,0,0,0,-1.0,0,0,C:\Users\Dury233\Desktop\dal ass\3130\A3\s3fs-nio\src\main\java\org\carlspring\cloud\storage\s3fs\S3OutputStream.java,546
s3fs-nio,org.carlspring.cloud.storage.s3fs,S3Path,6,2,42,37,468,108,0,0,0.11904761904761904,28,4,C:\Users\Dury233\Desktop\dal ass\3130\A3\s3fs-nio\src\main\java\org\carlspring\cloud\storage\s3fs\S3Path.java,32
s3fs-nio,org.carlspring.cloud.storage.s3fs,S3SeekableByteChannel,5,0,10,9,117,21,0,0,0.0,1,1,C:\Users\Dury233\Desktop\dal ass\3130\A3\s3fs-nio\src\main\java\org\carlspring\cloud\storage\s3fs\S3SeekableByteChannel.java,26
s3fs-nio,org.carlspring.cloud.storage.s3fs,AttributesUtilsTest,0,0,1,0,21,1,0,0,-1.0,0,1,C:\Users\Dury233\Desktop\dal ass\3130\A3\s3fs-nio\src\test\java\org\carlspring\cloud\storage\s3fs\AttributesUtilsTest.java,15
s3fs-nio,org.carlspring.cloud.storage.s3fs,BaseIntegrationTest,1,0,3,3,61,6,4,1,0.6666666666666666,1,2,C:\Users\Dury233\Desktop\dal ass\3130\A3\s3fs-nio\src\test\java\org\carlspring\cloud\storage\s3fs\BaseIntegrationTest.java,15
s3fs-nio,org.carlspring.cloud.storage.s3fs,BaseTest,1,1,6,0,89,11,3,0,0.0,0,0,C:\Users\Dury233\Desktop\dal ass\3130\A3\s3fs-nio\src\test\java\org\carlspring\cloud\storage\s3fs\BaseTest.java,16
s3fs-nio,org.carlspring.cloud.storage.s3fs,CacheTest,0,0,3,0,26,3,0,0,-1.0,0,2,C:\Users\Dury233\Desktop\dal ass\3130\A3\s3fs-nio\src\test\java\org\carlspring\cloud\storage\s3fs\CacheTest.java,12
s3fs-nio,org.carlspring.cloud.storage.s3fs,FilesIT,3,0,48,3,0,62,0,2,0.0625,0,5,C:\Users\Dury233\Desktop\dal ass\3130\A3\s3fs-nio\src\test\java\org\carlspring\cloud\storage\s3fs\FilesIT.java,33
s3fs-nio,org.carlspring.cloud.storage.s3fs,FileSystemsIT,3,0,7,1,36,7,0,2,0.0,0,2,C:\Users\Dury233\Desktop\dal ass\3130\A3\s3fs-nio\src\test\java\org\carlspring\cloud\storage\s3fs\FileSystemsIT.java,17
s3fs-nio,org.carlspring.cloud.storage.s3fs,S3AwsRegionProviderChainTest,0,0,4,0,39,4,0,0,-1.0,0,1,C:\Users\Dury233\Desktop\dal ass\3130\A3\s3fs-nio\src\test\java\org\carlspring\cloud\storage\s3fs\S3AwsRegionProviderChainTest.java,18
s3fs-nio,org.carlspring.cloud.storage.s3fs,S3ClientFactoryTest,0,0,6,0,131,6,0,0,-1.0,0,3,C:\Users\Dury233\Desktop\dal ass\3130\A3\s3fs-nio\src\test\java\org\carlspring\cloud\storage\s3fs\S3ClientFactoryTest.java,26
s3fs-nio,org.carlspring.cloud.storage.s3fs,S3ClientIT,1,0,7,1,49,7,0,2,0.0,0,1,C:\Users\Dury233\Desktop\dal ass\3130\A3\s3fs-nio\src\test\java\org\carlspring\cloud\storage\s3fs\S3ClientIT.java,32
s3fs-nio,org.carlspring.cloud.storage.s3fs,S3FileAttributesTest,0,0,1,0,16,1,0,0,-1.0,0,1,C:\Users\Dury233\Desktop\dal ass\3130\A3\s3fs-nio\src\test\java\org\carlspring\cloud\storage\s3fs\S3FileAttributesTest.java,11
s3fs-nio,org.carlspring.cloud.storage.s3fs,S3FileChannelTest,1,0,37,12,375,43,0,2,0.8918918918918919,0,4,C:\Users\Dury233\Desktop\dal ass\3130\A3\s3fs-nio\src\test\java\org\carlspring\cloud\storage\s3fs\S3FileChannelTest.java,51
s3fs-nio,org.carlspring.cloud.storage.s3fs,S3FileStoreTest,1,0,11,1,100,11,0,2,0.45454545454545453,0,6,C:\Users\Dury233\Desktop\dal ass\3130\A3\s3fs-nio\src\test\java\org\carlspring\cloud\storage\s3fs\S3FileStoreTest.java,32
s3fs-nio,org.carlspring.cloud.storage.s3fs,S3FileSystemTest,1,0,28,2,252,31,0,2,0.32142857142857145,0,6,C:\Users\Dury233\Desktop\dal ass\3130\A3\s3fs-nio\src\test\java\org\carlspring\cloud\storage\s3fs\S3FileSystemTest.java,38
s3fs-nio,org.carlspring.cloud.storage.s3fs,S3IteratorTest,2,0,16,1,160,22,0,2,0.125,0,7,C:\Users\Dury233\Desktop\dal ass\3130\A3\s3fs-nio\src\test\java\org\carlspring\cloud\storage\s3fs\S3IteratorTest.java,34
s3fs-nio,org.carlspring.cloud.storage.s3fs,S3OutputStreamTest,3,0,18,0,247,19,0,1,0.1111111111111111,0,4,C:\Users\Dury233\Desktop\dal ass\3130\A3\s3fs-nio\src\test\java\org\carlspring\cloud\storage\s3fs\S3OutputStreamTest.java,41
s3fs-nio,org.carlspring.cloud.storage.s3fs,S3SeekableByteChannelTest,0,0,9,1,91,9,0,2,-1.0,0,5,C:\Users\Dury233\Desktop\dal ass\3130\A3\s3fs-nio\src\test\java\org\carlspring\cloud\storage\s3fs\S3SeekableByteChannelTest.java,32
s3fs-nio,org.carlspring.cloud.storage.s3fs,S3UnitTestBase,2,0,5,5,41,8,7,1,0.6,0,3,C:\Users\Dury233\Desktop\dal ass\3130\A3\s3fs-nio\src\test\java\org\carlspring\cloud\storage\s3fs\S3UnitTestBase.java,20
s3fs-nio,org.carlspring.cloud.storage.s3fs,S3UtilsIT,3,0,16,2,206,16,0,2,0.0,0,6,C:\Users\Dury233\Desktop\dal ass\3130\A3\s3fs-nio\src\test\java\org\carlspring\cloud\storage\s3fs\S3UtilsIT.java,39
s3fs-nio,org.carlspring.cloud.storage.s3fs,S3UtilsTest,0,0,5,2,44,5,0,2,-1.0,0,4,C:\Users\Dury233\Desktop\dal ass\3130\A3\s3fs-nio\src\test\java\org\carlspring\cloud\storage\s3fs\S3UtilsTest.java,29
s3fs-nio,org.carlspring.cloud.storage.s3fs,S3WalkerTest,2,0,10,4,171,20,0,2,1.0,0,5,C:\Users\Dury233\Desktop\dal ass\3130\A3\s3fs-nio\src\test\java\org\carlspring\cloud\storage\s3fs\S3WalkerTest.java,30
s3fs-nio,org.carlspring.cloud.storage.s3fs,S3WalkerTest.RegisteringVisitor,1,0,0,0,22,0,0,0,-1.0,0,0,C:\Users\Dury233\Desktop\dal ass\3130\A3\s3fs-nio\src\test\java\org\carlspring\cloud\storage\s3fs\S3WalkerTest.java,34
s3fs-nio,org.carlspring.cloud.storage.s3fs,S3WalkerTest.CheckVisitor,1,0,0,0,26,0,0,0,-1.0,0,0,C:\Users\Dury233\Desktop\dal ass\3130\A3\s3fs-nio\src\test\java\org\carlspring\cloud\storage\s3fs\S3WalkerTest.java,80
s3fs-nio,org.carlspring.cloud.storage.s3fs.util,AttributesUtils,0,0,2,2,81,16,0,0,-1.0,2,0,C:\Users\Dury233\Desktop\dal ass\3130\A3\s3fs-nio\src\main\java\org\carlspring\cloud\storage\s3fs\util\AttributesUtils.java,8
s3fs-nio,org.carlspring.cloud.storage.s3fs.util,Cache,0,0,2,2,20,4,0,0,-1.0,2,1,C:\Users\Dury233\Desktop\dal ass\3130\A3\s3fs-nio\src\main\java\org\carlspring\cloud\storage\s3fs\util\Cache.java,5
s3fs-nio,org.carlspring.cloud.storage.s3fs.util,Constants,1,1,1,0,6,1,0,0,0.0,2,0,C:\Users\Dury233\Desktop\dal ass\3130\A3\s3fs-nio\src\main\java\org\carlspring\cloud\storage\s3fs\util\Constants.java,3
s3fs-nio,org.carlspring.cloud.storage.s3fs.util,IOUtils,0,0,1,1,21,2,0,0,-1.0,2,0,C:\Users\Dury233\Desktop\dal ass\3130\A3\s3fs-nio\src\main\java\org\carlspring\cloud\storage\s3fs\util\IOUtils.java,7
s3fs-nio,org.carlspring.cloud.storage.s3fs.util,S3Utils,1,0,7,7,0,21,0,0,0.0,2,3,C:\Users\Dury233\Desktop\dal ass\3130\A3\s3fs-nio\src\main\java\org\carlspring\cloud\storage\s3fs\util\S3Utils.java,36
s3fs-nio,org.carlspring.cloud.storage.s3fs.util,BrokenS3Factory,0,0,2,1,10,2,0,0,-1.0,0,0,C:\Users\Dury233\Desktop\dal ass\3130\A3\s3fs-nio\src\test\java\org\carlspring\cloud\storage\s3fs\util\BrokenS3Factory.java,8
s3fs-nio,org.carlspring.cloud.storage.s3fs.util,CopyDirVisitor,3,0,5,4,40,8,0,0,0.0,0,0,C:\Users\Dury233\Desktop\dal ass\3130\A3\s3fs-nio\src\test\java\org\carlspring\cloud\storage\s3fs\util\CopyDirVisitor.java,11
s3fs-nio,org.carlspring.cloud.storage.s3fs.util,EnvironmentBuilder,1,1,7,3,113,13,0,0,0.0,8,1,C:\Users\Dury233\Desktop\dal ass\3130\A3\s3fs-nio\src\test\java\org\carlspring\cloud\storage\s3fs\util\EnvironmentBuilder.java,25
s3fs-nio,org.carlspring.cloud.storage.s3fs.util,ExposingS3BaseClientBuilder,0,0,9,2,34,9,1,0,-1.0,0,0,C:\Users\Dury233\Desktop\dal ass\3130\A3\s3fs-nio\src\test\java\org\carlspring\cloud\storage\s3fs\util\ExposingS3BaseClientBuilder.java,18
s3fs-nio,org.carlspring.cloud.storage.s3fs.util,ExposingS3Client,2,0,5,4,20,5,0,0,0.6,2,0,C:\Users\Dury233\Desktop\dal ass\3130\A3\s3fs-nio\src\test\java\org\carlspring\cloud\storage\s3fs\util\ExposingS3Client.java,9
s3fs-nio,org.carlspring.cloud.storage.s3fs.util,ExposingS3ClientBuilder,0,0,2,0,7,2,0,1,-1.0,0,0,C:\Users\Dury233\Desktop\dal ass\3130\A3\s3fs-nio\src\test\java\org\carlspring\cloud\storage\s3fs\util\ExposingS3ClientBuilder.java,6
s3fs-nio,org.carlspring.cloud.storage.s3fs.util,ExposingS3ClientFactory,0,0,2,0,8,2,0,0,-1.0,0,1,C:\Users\Dury233\Desktop\dal ass\3130\A3\s3fs-nio\src\test\java\org\carlspring\cloud\storage\s3fs\util\ExposingS3ClientFactory.java,8
s3fs-nio,org.carlspring.cloud.storage.s3fs.util,FileAttributeBuilder,0,0,3,3,13,3,0,0,-1.0,0,0,C:\Users\Dury233\Desktop\dal ass\3130\A3\s3fs-nio\src\test\java\org\carlspring\cloud\storage\s3fs\util\FileAttributeBuilder.java,5
s3fs-nio,org.carlspring.cloud.storage.s3fs.util,MinioContainer,7,0,1,1,22,1,0,0,0.0,1,0,C:\Users\Dury233\Desktop\dal ass\3130\A3\s3fs-nio\src\test\java\org\carlspring\cloud\storage\s3fs\util\MinioContainer.java,9
s3fs-nio,org.carlspring.cloud.storage.s3fs.util,MockBucket,2,0,6,6,32,8,0,0,0.0,5,1,C:\Users\Dury233\Desktop\dal ass\3130\A3\s3fs-nio\src\test\java\org\carlspring\cloud\storage\s3fs\util\MockBucket.java,7
s3fs-nio,org.carlspring.cloud.storage.s3fs.util,S3ClientMock,10,0,48,27,621,102,0,0,0.1875,26,2,C:\Users\Dury233\Desktop\dal ass\3130\A3\s3fs-nio\src\test\java\org\carlspring\cloud\storage\s3fs\util\S3ClientMock.java,114
s3fs-nio,org.carlspring.cloud.storage.s3fs.util,S3ClientMock.S3Element,3,0,0,0,41,0,0,0,-1.0,0,0,C:\Users\Dury233\Desktop\dal ass\3130\A3\s3fs-nio\src\test\java\org\carlspring\cloud\storage\s3fs\util\S3ClientMock.java,1129
s3fs-nio,org.carlspring.cloud.storage.s3fs.util,S3EndpointConstant,5,5,0,0,7,0,0,0,-1.0,34,0,C:\Users\Dury233\Desktop\dal ass\3130\A3\s3fs-nio\src\test\java\org\carlspring\cloud\storage\s3fs\util\S3EndpointConstant.java,5
s3fs-nio,org.carlspring.cloud.storage.s3fs.util,S3MockFactory,2,0,4,2,29,6,0,0,0.0,22,1,C:\Users\Dury233\Desktop\dal ass\3130\A3\s3fs-nio\src\test\java\org\carlspring\cloud\storage\s3fs\util\S3MockFactory.java,17
s3fs-nio,org.carlspring.cloud.storage.s3fs.util,UnsupportedFileStoreAttributeView,0,0,1,1,5,1,0,0,-1.0,0,0,C:\Users\Dury233\Desktop\dal ass\3130\A3\s3fs-nio\src\test\java\org\carlspring\cloud\storage\s3fs\util\UnsupportedFileStoreAttributeView.java,5
s3fs-nio,org.carlspring.cloud.storage.s3fs.fileSystemProvider,CheckAccessTest,0,0,7,2,66,7,0,0,-1.0,0,5,C:\Users\Dury233\Desktop\dal ass\3130\A3\s3fs-nio\src\test\java\org\carlspring\cloud\storage\s3fs\fileSystemProvider\CheckAccessTest.java,25
s3fs-nio,org.carlspring.cloud.storage.s3fs.fileSystemProvider,CopyTest,0,0,6,1,63,6,0,0,-1.0,0,3,C:\Users\Dury233\Desktop\dal ass\3130\A3\s3fs-nio\src\test\java\org\carlspring\cloud\storage\s3fs\fileSystemProvider\CopyTest.java,26
s3fs-nio,org.carlspring.cloud.storage.s3fs.fileSystemProvider,CreateDirectoryTest,0,0,5,1,49,5,0,0,-1.0,0,3,C:\Users\Dury233\Desktop\dal ass\3130\A3\s3fs-nio\src\test\java\org\carlspring\cloud\storage\s3fs\fileSystemProvider\CreateDirectoryTest.java,19
s3fs-nio,org.carlspring.cloud.storage.s3fs.fileSystemProvider,DeleteTest,0,0,6,1,56,6,0,0,-1.0,0,5,C:\Users\Dury233\Desktop\dal ass\3130\A3\s3fs-nio\src\test\java\org\carlspring\cloud\storage\s3fs\fileSystemProvider\DeleteTest.java,29
s3fs-nio,org.carlspring.cloud.storage.s3fs.fileSystemProvider,GetFileAttributeViewTest,0,0,4,1,37,4,0,0,-1.0,0,3,C:\Users\Dury233\Desktop\dal ass\3130\A3\s3fs-nio\src\test\java\org\carlspring\cloud\storage\s3fs\fileSystemProvider\GetFileAttributeViewTest.java,24
s3fs-nio,org.carlspring.cloud.storage.s3fs.fileSystemProvider,GetFileStoreTest,0,0,3,1,26,3,0,0,-1.0,0,4,C:\Users\Dury233\Desktop\dal ass\3130\A3\s3fs-nio\src\test\java\org\carlspring\cloud\storage\s3fs\fileSystemProvider\GetFileStoreTest.java,21
s3fs-nio,org.carlspring.cloud.storage.s3fs.fileSystemProvider,GetFileSystemIT,1,0,2,1,23,2,0,0,0.0,0,1,C:\Users\Dury233\Desktop\dal ass\3130\A3\s3fs-nio\src\test\java\org\carlspring\cloud\storage\s3fs\fileSystemProvider\GetFileSystemIT.java,28
s3fs-nio,org.carlspring.cloud.storage.s3fs.fileSystemProvider,GetPathTest,0,0,6,1,38,6,0,0,-1.0,0,1,C:\Users\Dury233\Desktop\dal ass\3130\A3\s3fs-nio\src\test\java\org\carlspring\cloud\storage\s3fs\fileSystemProvider\GetPathTest.java,21
s3fs-nio,org.carlspring.cloud.storage.s3fs.fileSystemProvider,IsHiddenTest,0,0,3,1,25,3,0,0,-1.0,0,3,C:\Users\Dury233\Desktop\dal ass\3130\A3\s3fs-nio\src\test\java\org\carlspring\cloud\storage\s3fs\fileSystemProvider\IsHiddenTest.java,18
s3fs-nio,org.carlspring.cloud.storage.s3fs.fileSystemProvider,IsSameFileTest,0,0,4,1,35,4,0,0,-1.0,0,3,C:\Users\Dury233\Desktop\dal ass\3130\A3\s3fs-nio\src\test\java\org\carlspring\cloud\storage\s3fs\fileSystemProvider\IsSameFileTest.java,20
s3fs-nio,org.carlspring.cloud.storage.s3fs.fileSystemProvider,MoveTest,0,0,6,1,69,6,0,0,-1.0,0,3,C:\Users\Dury233\Desktop\dal ass\3130\A3\s3fs-nio\src\test\java\org\carlspring\cloud\storage\s3fs\fileSystemProvider\MoveTest.java,26
s3fs-nio,org.carlspring.cloud.storage.s3fs.fileSystemProvider,NewAsynchronousFileChannelTest,1,0,14,1,174,14,0,0,0.14285714285714285,0,2,C:\Users\Dury233\Desktop\dal ass\3130\A3\s3fs-nio\src\test\java\org\carlspring\cloud\storage\s3fs\fileSystemProvider\NewAsynchronousFileChannelTest.java,33
s3fs-nio,org.carlspring.cloud.storage.s3fs.fileSystemProvider,NewAsynchronousFileChannelTestIT,4,0,10,1,99,10,0,0,0.0,0,2,C:\Users\Dury233\Desktop\dal ass\3130\A3\s3fs-nio\src\test\java\org\carlspring\cloud\storage\s3fs\fileSystemProvider\NewAsynchronousFileChannelTestIT.java,38
s3fs-nio,org.carlspring.cloud.storage.s3fs.fileSystemProvider,NewByteChannelIT,3,0,10,2,86,10,0,0,0.0,0,2,C:\Users\Dury233\Desktop\dal ass\3130\A3\s3fs-nio\src\test\java\org\carlspring\cloud\storage\s3fs\fileSystemProvider\NewByteChannelIT.java,33
s3fs-nio,org.carlspring.cloud.storage.s3fs.fileSystemProvider,NewByteChannelTest,0,0,16,1,183,16,0,0,-1.0,0,3,C:\Users\Dury233\Desktop\dal ass\3130\A3\s3fs-nio\src\test\java\org\carlspring\cloud\storage\s3fs\fileSystemProvider\NewByteChannelTest.java,29
s3fs-nio,org.carlspring.cloud.storage.s3fs.fileSystemProvider,NewDirectoryStreamTest,0,0,10,2,99,13,0,0,-1.0,0,4,C:\Users\Dury233\Desktop\dal ass\3130\A3\s3fs-nio\src\test\java\org\carlspring\cloud\storage\s3fs\fileSystemProvider\NewDirectoryStreamTest.java,28
s3fs-nio,org.carlspring.cloud.storage.s3fs.fileSystemProvider,NewFileSystemIT,1,0,10,1,81,10,0,0,0.0,0,1,C:\Users\Dury233\Desktop\dal ass\3130\A3\s3fs-nio\src\test\java\org\carlspring\cloud\storage\s3fs\fileSystemProvider\NewFileSystemIT.java,32
s3fs-nio,org.carlspring.cloud.storage.s3fs.fileSystemProvider,NewFileSystemTest,0,0,23,1,178,25,0,0,-1.0,0,4,C:\Users\Dury233\Desktop\dal ass\3130\A3\s3fs-nio\src\test\java\org\carlspring\cloud\storage\s3fs\fileSystemProvider\NewFileSystemTest.java,39
s3fs-nio,org.carlspring.cloud.storage.s3fs.fileSystemProvider,NewInputStreamTest,0,0,6,1,54,6,0,0,-1.0,0,5,C:\Users\Dury233\Desktop\dal ass\3130\A3\s3fs-nio\src\test\java\org\carlspring\cloud\storage\s3fs\fileSystemProvider\NewInputStreamTest.java,30
s3fs-nio,org.carlspring.cloud.storage.s3fs.fileSystemProvider,NewOutputStreamTest,0,0,11,2,99,11,0,0,-1.0,0,3,C:\Users\Dury233\Desktop\dal ass\3130\A3\s3fs-nio\src\test\java\org\carlspring\cloud\storage\s3fs\fileSystemProvider\NewOutputStreamTest.java,31
s3fs-nio,org.carlspring.cloud.storage.s3fs.fileSystemProvider,ReadAttributesTest,0,0,28,1,313,28,0,0,-1.0,0,5,C:\Users\Dury233\Desktop\dal ass\3130\A3\s3fs-nio\src\test\java\org\carlspring\cloud\storage\s3fs\fileSystemProvider\ReadAttributesTest.java,37
s3fs-nio,org.carlspring.cloud.storage.s3fs.fileSystemProvider,SetAttributeTest,0,0,2,1,11,2,0,0,-1.0,0,1,C:\Users\Dury233\Desktop\dal ass\3130\A3\s3fs-nio\src\test\java\org\carlspring\cloud\storage\s3fs\fileSystemProvider\SetAttributeTest.java,13
s3fs-nio,org.carlspring.cloud.storage.s3fs.junit.annotations,BaseAnnotationTest,0,0,4,0,38,4,2,0,-1.0,0,0,C:\Users\Dury233\Desktop\dal ass\3130\A3\s3fs-nio\src\test\java\org\carlspring\cloud\storage\s3fs\junit\annotations\BaseAnnotationTest.java,3
s3fs-nio,org.carlspring.cloud.storage.s3fs.junit.annotations,MinioIntegrationTestAnnotationTest,0,0,2,0,17,2,0,1,-1.0,0,0,C:\Users\Dury233\Desktop\dal ass\3130\A3\s3fs-nio\src\test\java\org\carlspring\cloud\storage\s3fs\junit\annotations\MinioIntegrationTestAnnotationTest.java,10
s3fs-nio,org.carlspring.cloud.storage.s3fs.junit.annotations,S3IntegrationTestAnnotationTest,0,0,2,0,17,2,0,1,-1.0,0,0,C:\Users\Dury233\Desktop\dal ass\3130\A3\s3fs-nio\src\test\java\org\carlspring\cloud\storage\s3fs\junit\annotations\S3IntegrationTestAnnotationTest.java,9
s3fs-nio,org.carlspring.cloud.storage.s3fs.junit.examples,CombinedIT,1,0,2,2,14,2,0,0,0.0,0,0,C:\Users\Dury233\Desktop\dal ass\3130\A3\s3fs-nio\src\test\java\org\carlspring\cloud\storage\s3fs\junit\examples\CombinedIT.java,12
s3fs-nio,org.carlspring.cloud.storage.s3fs.junit.examples,CombinedMinioS3IT,1,0,2,2,14,2,0,0,0.0,0,0,C:\Users\Dury233\Desktop\dal ass\3130\A3\s3fs-nio\src\test\java\org\carlspring\cloud\storage\s3fs\junit\examples\CombinedMinioS3IT.java,12
s3fs-nio,org.carlspring.cloud.storage.s3fs.junit.examples,CombinedS3MinioIT,1,0,2,2,14,2,0,0,0.0,0,0,C:\Users\Dury233\Desktop\dal ass\3130\A3\s3fs-nio\src\test\java\org\carlspring\cloud\storage\s3fs\junit\examples\CombinedS3MinioIT.java,12
s3fs-nio,org.carlspring.cloud.storage.s3fs.junit.examples,MinioClassAnnotationIT,1,0,1,1,7,1,0,0,0.0,0,0,C:\Users\Dury233\Desktop\dal ass\3130\A3\s3fs-nio\src\test\java\org\carlspring\cloud\storage\s3fs\junit\examples\MinioClassAnnotationIT.java,11
s3fs-nio,org.carlspring.cloud.storage.s3fs.junit.examples,MinioMethodAnnotationIT,1,0,1,1,7,1,0,0,0.0,0,0,C:\Users\Dury233\Desktop\dal ass\3130\A3\s3fs-nio\src\test\java\org\carlspring\cloud\storage\s3fs\junit\examples\MinioMethodAnnotationIT.java,11
s3fs-nio,org.carlspring.cloud.storage.s3fs.junit.examples,S3ClassAnnotationIT,1,0,1,1,7,1,0,0,0.0,0,0,C:\Users\Dury233\Desktop\dal ass\3130\A3\s3fs-nio\src\test\java\org\carlspring\cloud\storage\s3fs\junit\examples\S3ClassAnnotationIT.java,11
s3fs-nio,org.carlspring.cloud.storage.s3fs.junit.examples,S3MethodAnnotationIT,1,0,1,1,7,1,0,0,0.0,0,0,C:\Users\Dury233\Desktop\dal ass\3130\A3\s3fs-nio\src\test\java\org\carlspring\cloud\storage\s3fs\junit\examples\S3MethodAnnotationIT.java,11
s3fs-nio,org.carlspring.cloud.storage.s3fs.path,EndsWithTest,0,0,15,2,62,15,0,0,-1.0,0,0,C:\Users\Dury233\Desktop\dal ass\3130\A3\s3fs-nio\src\test\java\org\carlspring\cloud\storage\s3fs\path\EndsWithTest.java,20
s3fs-nio,org.carlspring.cloud.storage.s3fs.path,EqualsTest,0,0,11,2,61,11,0,0,-1.0,0,1,C:\Users\Dury233\Desktop\dal ass\3130\A3\s3fs-nio\src\test\java\org\carlspring\cloud\storage\s3fs\path\EqualsTest.java,23
s3fs-nio,org.carlspring.cloud.storage.s3fs.path,GetFileNameTest,0,0,6,2,29,6,0,0,-1.0,0,0,C:\Users\Dury233\Desktop\dal ass\3130\A3\s3fs-nio\src\test\java\org\carlspring\cloud\storage\s3fs\path\GetFileNameTest.java,17
s3fs-nio,org.carlspring.cloud.storage.s3fs.path,GetKeyTest,0,0,8,1,33,8,0,0,-1.0,0,2,C:\Users\Dury233\Desktop\dal ass\3130\A3\s3fs-nio\src\test\java\org\carlspring\cloud\storage\s3fs\path\GetKeyTest.java,14
s3fs-nio,org.carlspring.cloud.storage.s3fs.path,GetNameTest,0,0,7,2,33,7,0,0,-1.0,0,2,C:\Users\Dury233\Desktop\dal ass\3130\A3\s3fs-nio\src\test\java\org\carlspring\cloud\storage\s3fs\path\GetNameTest.java,18
s3fs-nio,org.carlspring.cloud.storage.s3fs.path,GetRootTest,0,0,5,2,19,5,0,0,-1.0,0,0,C:\Users\Dury233\Desktop\dal ass\3130\A3\s3fs-nio\src\test\java\org\carlspring\cloud\storage\s3fs\path\GetRootTest.java,16
s3fs-nio,org.carlspring.cloud.storage.s3fs.path,IteratorTest,0,0,4,1,20,4,0,0,-1.0,0,1,C:\Users\Dury233\Desktop\dal ass\3130\A3\s3fs-nio\src\test\java\org\carlspring\cloud\storage\s3fs\path\IteratorTest.java,17
s3fs-nio,org.carlspring.cloud.storage.s3fs.path,ResolveSiblingTest,0,0,5,2,41,5,0,0,-1.0,0,1,C:\Users\Dury233\Desktop\dal ass\3130\A3\s3fs-nio\src\test\java\org\carlspring\cloud\storage\s3fs\path\ResolveSiblingTest.java,16
s3fs-nio,org.carlspring.cloud.storage.s3fs.path,ResolveTest,0,0,4,2,27,4,0,0,-1.0,0,1,C:\Users\Dury233\Desktop\dal ass\3130\A3\s3fs-nio\src\test\java\org\carlspring\cloud\storage\s3fs\path\ResolveTest.java,16
s3fs-nio,org.carlspring.cloud.storage.s3fs.path,S3PathTest,0,0,24,1,184,24,0,0,-1.0,0,3,C:\Users\Dury233\Desktop\dal ass\3130\A3\s3fs-nio\src\test\java\org\carlspring\cloud\storage\s3fs\path\S3PathTest.java,23
s3fs-nio,org.carlspring.cloud.storage.s3fs.path,StartsWithTest,0,0,22,2,73,22,0,0,-1.0,0,1,C:\Users\Dury233\Desktop\dal ass\3130\A3\s3fs-nio\src\test\java\org\carlspring\cloud\storage\s3fs\path\StartsWithTest.java,18
s3fs-nio,org.carlspring.cloud.storage.s3fs.path,SubpathTest,0,0,6,2,28,6,0,0,-1.0,0,2,C:\Users\Dury233\Desktop\dal ass\3130\A3\s3fs-nio\src\test\java\org\carlspring\cloud\storage\s3fs\path\SubpathTest.java,18
s3fs-nio,org.carlspring.cloud.storage.s3fs.path,ToUriTest,0,0,13,2,71,13,0,0,-1.0,0,2,C:\Users\Dury233\Desktop\dal ass\3130\A3\s3fs-nio\src\test\java\org\carlspring\cloud\storage\s3fs\path\ToUriTest.java,22
s3fs-nio,org.carlspring.cloud.storage.s3fs.path,ToURLIT,4,0,5,1,71,8,0,0,0.4,0,2,C:\Users\Dury233\Desktop\dal ass\3130\A3\s3fs-nio\src\test\java\org\carlspring\cloud\storage\s3fs\path\ToURLIT.java,27
s3fs-nio,org.carlspring.cloud.storage.s3fs.path,ToURLIT.Entry,2,0,0,0,20,0,0,0,-1.0,0,0,C:\Users\Dury233\Desktop\dal ass\3130\A3\s3fs-nio\src\test\java\org\carlspring\cloud\storage\s3fs\path\ToURLIT.java,119
s3fs-nio,org.carlspring.cloud.storage.s3fs.spike,EnvironmentIT,0,0,1,0,8,1,0,0,-1.0,0,1,C:\Users\Dury233\Desktop\dal ass\3130\A3\s3fs-nio\src\test\java\org\carlspring\cloud\storage\s3fs\spike\EnvironmentIT.java,15
s3fs-nio,org.carlspring.cloud.storage.s3fs.spike,FileStoreTest,3,0,3,2,37,7,0,0,0.0,0,0,C:\Users\Dury233\Desktop\dal ass\3130\A3\s3fs-nio\src\test\java\org\carlspring\cloud\storage\s3fs\spike\FileStoreTest.java,14
s3fs-nio,org.carlspring.cloud.storage.s3fs.spike,InstallProviderTest,0,0,10,1,85,12,0,0,-1.0,0,0,C:\Users\Dury233\Desktop\dal ass\3130\A3\s3fs-nio\src\test\java\org\carlspring\cloud\storage\s3fs\spike\InstallProviderTest.java,34
s3fs-nio,org.carlspring.cloud.storage.s3fs.spike,PathSpecTest,2,0,35,2,149,38,0,0,0.05714285714285714,0,0,C:\Users\Dury233\Desktop\dal ass\3130\A3\s3fs-nio\src\test\java\org\carlspring\cloud\storage\s3fs\spike\PathSpecTest.java,12
s3fs-nio,org.carlspring.cloud.storage.s3fs.spike,ProviderSpecTest,1,0,5,5,37,6,0,0,0.6,0,0,C:\Users\Dury233\Desktop\dal ass\3130\A3\s3fs-nio\src\test\java\org\carlspring\cloud\storage\s3fs\spike\ProviderSpecTest.java,19
s3fs-nio,org.carlspring.cloud.storage.s3fs.spike,SpecTest,0,0,3,0,22,5,0,0,-1.0,0,0,C:\Users\Dury233\Desktop\dal ass\3130\A3\s3fs-nio\src\test\java\org\carlspring\cloud\storage\s3fs\spike\SpecTest.java,18
s3fs-nio,org.carlspring.cloud.storage.s3fs.spike,URISpikeTest,1,0,2,2,20,3,0,0,1.0,0,0,C:\Users\Dury233\Desktop\dal ass\3130\A3\s3fs-nio\src\test\java\org\carlspring\cloud\storage\s3fs\spike\URISpikeTest.java,11
