Project Name,Package Name,Type Name,Method Name,Implementation Smell,Cause of the Smell,Method start line no
s3fs-nio,org.carlspring.cloud.storage.s3fs.attribute,S3BasicFileAttributes,S3BasicFileAttributes,Long Parameter List,The method has 5 parameters. ,25
s3fs-nio,org.carlspring.cloud.storage.s3fs.attribute,S3BasicFileAttributes,toString,Long Statement,The length of the statement "return format("[%s: lastModified=%s` size=%s` isDirectory=%s` isRegularFile=%s]"`key`lastModifiedTime`size`directory`regularFile);" is 130.,94
s3fs-nio,org.carlspring.cloud.storage.s3fs.attribute,S3PosixFileAttributes,S3PosixFileAttributes,Long Parameter List,The method has 8 parameters. ,18
s3fs-nio,org.carlspring.cloud.storage.s3fs,S3Factory,getS3Client,Long Statement,The length of the statement "builder.region(getRegion(props)).credentialsProvider(getCredentialsProvider(props)).httpClient(getHttpClient(props)).overrideConfiguration(getOverrideConfiguration(props)).serviceConfiguration(getServiceConfiguration(props));" is 225.,101
s3fs-nio,org.carlspring.cloud.storage.s3fs,S3Factory,getOverrideConfiguration,Long Statement,The length of the statement "catch ( final ClassNotFoundException|NoSuchMethodException|InstantiationException|IllegalAccessException|InvocationTargetException e) {" is 135.,278
s3fs-nio,org.carlspring.cloud.storage.s3fs,S3Factory,getProxyConfiguration,Complex Method,Cyclomatic complexity of the method is 8,319
s3fs-nio,org.carlspring.cloud.storage.s3fs,S3FileChannel,S3FileChannel,Complex Conditional,The conditional expression !exists && !this.options.contains(StandardOpenOption.CREATE_NEW) && !this.options.contains(StandardOpenOption.CREATE) is complex.,77
s3fs-nio,org.carlspring.cloud.storage.s3fs,S3FileChannel,S3FileChannel,Long Parameter List,The method has 5 parameters. ,77
s3fs-nio,org.carlspring.cloud.storage.s3fs,S3FileChannel,S3FileChannel,Long Statement,The length of the statement "else if (!exists && !this.options.contains(StandardOpenOption.CREATE_NEW) && !this.options.contains(StandardOpenOption.CREATE)) {" is 129.,77
s3fs-nio,org.carlspring.cloud.storage.s3fs,S3FileChannel,lock,Long Parameter List,The method has 5 parameters. ,360
s3fs-nio,org.carlspring.cloud.storage.s3fs,S3FileChannel,sync,Long Statement,The length of the statement "builder.bucket(path.getBucketName()).key(path.getKey()).contentLength(length).contentType(new Tika().detect(stream`path.getFileName().toString()));" is 147.,466
s3fs-nio,org.carlspring.cloud.storage.s3fs,S3FileStore,hasBucket,Empty catch clause,The method has an empty catch block.,138
s3fs-nio,org.carlspring.cloud.storage.s3fs,S3FileStore,hashCode,Magic Number,The method contains a magic number: 31,200
s3fs-nio,org.carlspring.cloud.storage.s3fs,S3FileStore,equals,Complex Method,Cyclomatic complexity of the method is 8,211
s3fs-nio,org.carlspring.cloud.storage.s3fs,S3FileStoreAttributeView,getAttribute,Missing default,The following switch statement is missing a default case: !org.eclipse.jdt.core.dom.SwitchStatement@250becb7,48
s3fs-nio,org.carlspring.cloud.storage.s3fs,S3FileSystem,S3FileSystem,Long Parameter List,The method has 5 parameters. ,41
s3fs-nio,org.carlspring.cloud.storage.s3fs,S3FileSystem,S3FileSystem,Magic Number,The method contains a magic number: 60000,41
s3fs-nio,org.carlspring.cloud.storage.s3fs,S3FileSystem,hashCode,Magic Number,The method contains a magic number: 31,193
s3fs-nio,org.carlspring.cloud.storage.s3fs,S3FileSystem,equals,Complex Method,Cyclomatic complexity of the method is 8,205
s3fs-nio,org.carlspring.cloud.storage.s3fs,S3FileSystemProvider,validateProperties,Long Statement,The length of the statement "Preconditions.checkArgument((props.getProperty(ACCESS_KEY) == null && props.getProperty(SECRET_KEY) == null) || (props.getProperty(ACCESS_KEY) != null && props.getProperty(SECRET_KEY) != null)`"%s and %s should both be provided or should both be omitted"`ACCESS_KEY`SECRET_KEY);" is 278.,218
s3fs-nio,org.carlspring.cloud.storage.s3fs,S3FileSystemProvider,newOutputStream,Long Statement,The length of the statement "return new S3OutputStream(fileSystem.getClient()`s3Path.toS3ObjectId()`null`metadata`fileSystem.getRequestHeaderCacheControlProperty());" is 136.,564
s3fs-nio,org.carlspring.cloud.storage.s3fs,S3FileSystemProvider,validateCreateAndTruncateOptions,Long Parameter List,The method has 5 parameters. ,611
s3fs-nio,org.carlspring.cloud.storage.s3fs,S3FileSystemProvider,createDirectory,Long Statement,The length of the statement "final PutObjectRequest request=PutObjectRequest.builder().bucket(bucketName).key(directoryKey).cacheControl(s3Path.getFileSystem().getRequestHeaderCacheControlProperty()).contentLength(0L).build();" is 197.,668
s3fs-nio,org.carlspring.cloud.storage.s3fs,S3FileSystemProvider,deleteBatch,Long Statement,The length of the statement "List<ObjectIdentifier> keys=batch.stream().map(s3Path -> ObjectIdentifier.builder().key(s3Path.getKey()).build()).collect(Collectors.toList());" is 143.,730
s3fs-nio,org.carlspring.cloud.storage.s3fs,S3FileSystemProvider,deleteBatch,Long Statement,The length of the statement "DeleteObjectsRequest multiObjectDeleteRequest=DeleteObjectsRequest.builder().bucket(bucketName).delete(Delete.builder().objects(keys).build()).build();" is 151.,730
s3fs-nio,org.carlspring.cloud.storage.s3fs,S3FileSystemProvider,deleteBatch,Long Statement,The length of the statement "keys=batch.stream().map(s3Path -> ObjectIdentifier.builder().key(s3Path.getKey() + '/').build()).collect(Collectors.toList());" is 126.,730
s3fs-nio,org.carlspring.cloud.storage.s3fs,S3FileSystemProvider,deleteBatch,Long Statement,The length of the statement "multiObjectDeleteRequest=DeleteObjectsRequest.builder().bucket(bucketName).delete(Delete.builder().objects(keys).build()).build();" is 130.,730
s3fs-nio,org.carlspring.cloud.storage.s3fs,S3FileSystemProvider,copy,Long Statement,The length of the statement "final CopyObjectRequest request=CopyObjectRequest.builder().copySource(encodedUrl).cacheControl(s3Target.getFileSystem().getRequestHeaderCacheControlProperty()).destinationBucket(bucketNameTarget).destinationKey(keyTarget).build();" is 231.,845
s3fs-nio,org.carlspring.cloud.storage.s3fs,S3FileSystemProvider,readAttributes,Long Statement,The length of the statement "if (s3Path.getFileAttributes() instanceof PosixFileAttributes && cache.isInTime(s3Path.getFileSystem().getCache()`s3Path.getFileAttributes())) {" is 144.,990
s3fs-nio,org.carlspring.cloud.storage.s3fs,S3FileSystemProvider,readAttributes,Long Statement,The length of the statement "throw new UnsupportedOperationException(format("only %s or %s supported"`BasicFileAttributes.class`PosixFileAttributes.class));" is 127.,990
s3fs-nio,org.carlspring.cloud.storage.s3fs,S3FileSystemProvider,readAttributes,Complex Conditional,The conditional expression attributes.contains(":") && !attributes.contains("basic:") && !attributes.contains("posix:") is complex.,1036
s3fs-nio,org.carlspring.cloud.storage.s3fs,S3FileSystemProvider,readAttributes,Long Statement,The length of the statement "throw new UnsupportedOperationException(format("attributes %s are not supported` only basic /" + " posix are supported"`attributes));" is 133.,1036
s3fs-nio,org.carlspring.cloud.storage.s3fs,S3FileSystemProvider,getS3Factory,Long Statement,The length of the statement "catch ( InstantiationException|IllegalAccessException|ClassNotFoundException|ClassCastException|NoSuchMethodException|InvocationTargetException e) {" is 148.,1121
s3fs-nio,org.carlspring.cloud.storage.s3fs,S3FileSystemProvider,getS3Factory,Long Statement,The length of the statement "throw new S3FileSystemConfigurationException("Configuration problem` couldn't instantiate " + "S3Factory (" + s3FactoryClass + "): "`e);" is 136.,1121
s3fs-nio,org.carlspring.cloud.storage.s3fs,S3FileSystemProvider,loadAmazonProperties,Empty catch clause,The method has an empty catch block.,1142
s3fs-nio,org.carlspring.cloud.storage.s3fs,S3Iterator,S3Iterator,Long Statement,The length of the statement "this(path.getFileStore()`path.getKey() + (!incremental && !path.getKey().isEmpty() && !path.getKey().endsWith("/") ? "/" : "")`incremental);" is 140.,59
s3fs-nio,org.carlspring.cloud.storage.s3fs,S3Iterator,next,Long Statement,The length of the statement "ListObjectsV2Request request=ListObjectsV2Request.builder().bucket(fileStore.name()).prefix(key).continuationToken(current.nextContinuationToken()).build();" is 156.,85
s3fs-nio,org.carlspring.cloud.storage.s3fs,S3ObjectId,hashCode,Magic Number,The method contains a magic number: 31,57
s3fs-nio,org.carlspring.cloud.storage.s3fs,S3OutputStream,S3OutputStream,Long Parameter List,The method has 5 parameters. ,187
s3fs-nio,org.carlspring.cloud.storage.s3fs,S3OutputStream,write,Complex Conditional,The conditional expression (offset < 0) || (offset > bytes.length) || (length < 0)|| ((offset + length) > bytes.length)|| ((offset + length) < 0) is complex.,230
s3fs-nio,org.carlspring.cloud.storage.s3fs,S3OutputStream,write,Long Statement,The length of the statement "if ((offset < 0) || (offset > bytes.length) || (length < 0)|| ((offset + length) > bytes.length)|| ((offset + length) < 0)) {" is 125.,230
s3fs-nio,org.carlspring.cloud.storage.s3fs,S3OutputStream,createMultipartUpload,Long Statement,The length of the statement "final CreateMultipartUploadRequest.Builder requestBuilder=CreateMultipartUploadRequest.builder().bucket(objectId.getBucket()).key(objectId.getKey()).metadata(metadata);" is 168.,315
s3fs-nio,org.carlspring.cloud.storage.s3fs,S3OutputStream,uploadPart,Long Statement,The length of the statement "final UploadPartRequest request=UploadPartRequest.builder().bucket(objectId.getBucket()).key(objectId.getKey()).uploadId(uploadId).partNumber(partNumber).contentLength(contentLength).build();" is 191.,347
s3fs-nio,org.carlspring.cloud.storage.s3fs,S3OutputStream,abortMultipartUpload,Long Statement,The length of the statement "final AbortMultipartUploadRequest request=AbortMultipartUploadRequest.builder().bucket(objectId.getBucket()).key(objectId.getKey()).uploadId(uploadId).build();" is 159.,405
s3fs-nio,org.carlspring.cloud.storage.s3fs,S3OutputStream,completeMultipartUpload,Long Statement,The length of the statement "final CompleteMultipartUploadRequest request=CompleteMultipartUploadRequest.builder().bucket(objectId.getBucket()).key(objectId.getKey()).uploadId(uploadId).multipartUpload(completedMultipartUpload).build();" is 207.,426
s3fs-nio,org.carlspring.cloud.storage.s3fs,S3OutputStream,buildParts,Long Statement,The length of the statement "return partETags.stream().map(eTag -> CompletedPart.builder().partNumber(counter.getAndIncrement()).eTag(eTag).build()).collect(Collectors.toList());" is 149.,465
s3fs-nio,org.carlspring.cloud.storage.s3fs,S3OutputStream,putObject,Long Statement,The length of the statement "final PutObjectRequest.Builder requestBuilder=PutObjectRequest.builder().bucket(objectId.getBucket()).key(objectId.getKey()).cacheControl(requestCacheControlHeader).contentLength(contentLength).contentType(contentType).metadata(metadataMap);" is 241.,473
s3fs-nio,org.carlspring.cloud.storage.s3fs,S3Path,S3Path,Complex Conditional,The conditional expression !first.isEmpty() && ((!first.endsWith(PATH_SEPARATOR) && (more == null || more.length == 0)) || more != null && more.length > 0 && !more[more.length - 1].endsWith(PATH_SEPARATOR)) is complex.,61
s3fs-nio,org.carlspring.cloud.storage.s3fs,S3Path,S3Path,Long Statement,The length of the statement "Preconditions.checkArgument(first != null`"The first path must not be null. Perhaps you forgot to set the bucket name?");" is 121.,61
s3fs-nio,org.carlspring.cloud.storage.s3fs,S3Path,S3Path,Long Statement,The length of the statement "if (!first.isEmpty() && ((!first.endsWith(PATH_SEPARATOR) && (more == null || more.length == 0)) || more != null && more.length > 0 && !more[more.length - 1].endsWith(PATH_SEPARATOR))) {" is 186.,61
s3fs-nio,org.carlspring.cloud.storage.s3fs,S3Path,startsWith,Complex Conditional,The conditional expression this.isAbsolute() && other.isAbsolute() && !getBucketName().equals(path.getBucketName()) is complex.,332
s3fs-nio,org.carlspring.cloud.storage.s3fs,S3Path,startsWith,Complex Method,Cyclomatic complexity of the method is 8,332
s3fs-nio,org.carlspring.cloud.storage.s3fs,S3Path,endsWith,Complex Conditional,The conditional expression (path.getFileStore() != null && !path.getFileStore().equals(this.getFileStore())) || (path.getFileStore() != null && this.getFileStore() == null) is complex.,384
s3fs-nio,org.carlspring.cloud.storage.s3fs,S3Path,endsWith,Long Statement,The length of the statement "if ((path.getFileStore() != null && !path.getFileStore().equals(this.getFileStore())) || (path.getFileStore() != null && this.getFileStore() == null)) {" is 152.,384
s3fs-nio,org.carlspring.cloud.storage.s3fs,S3Path,normalize,Complex Method,Cyclomatic complexity of the method is 9,438
s3fs-nio,org.carlspring.cloud.storage.s3fs,S3Path,isNormal,Complex Conditional,The conditional expression getNameCount() == 0 || getNameCount() == 1 && !isAbsolute() is complex.,481
s3fs-nio,org.carlspring.cloud.storage.s3fs,S3Path,relativize,Long Statement,The length of the statement "Preconditions.checkArgument(fileStore.equals(s3Path.getFileStore())`"Cannot relativize paths with different buckets: '%s'` '%s'"`this`other);" is 141.,597
s3fs-nio,org.carlspring.cloud.storage.s3fs,S3Path,hashCode,Magic Number,The method contains a magic number: 31,790
s3fs-nio,org.carlspring.cloud.storage.s3fs,S3SeekableByteChannel,S3SeekableByteChannel,Complex Conditional,The conditional expression !exists && !this.options.contains(StandardOpenOption.CREATE_NEW) && !this.options.contains(StandardOpenOption.CREATE) is complex.,41
s3fs-nio,org.carlspring.cloud.storage.s3fs,S3SeekableByteChannel,S3SeekableByteChannel,Long Statement,The length of the statement "else if (!exists && !this.options.contains(StandardOpenOption.CREATE_NEW) && !this.options.contains(StandardOpenOption.CREATE)) {" is 129.,41
s3fs-nio,org.carlspring.cloud.storage.s3fs,AttributesUtilsTest,filterAll,Long Statement,The length of the statement "final String[] filters=new String[]{"isDirectory"`"isRegularFile"`"isOther"`"creationTime"`"fileKey"`"isSymbolicLink"`"lastAccessTime"`"lastModifiedTime"`"size"};" is 162.,18
s3fs-nio,org.carlspring.cloud.storage.s3fs,AttributesUtilsTest,filterAll,Magic Number,The method contains a magic number: 10L,18
s3fs-nio,org.carlspring.cloud.storage.s3fs,AttributesUtilsTest,filterAll,Magic Number,The method contains a magic number: 10L,18
s3fs-nio,org.carlspring.cloud.storage.s3fs,BaseIntegrationTest,isMinioEnv,Empty catch clause,The method has an empty catch block.,45
s3fs-nio,org.carlspring.cloud.storage.s3fs,BaseIntegrationTest,getS3URIForMinioContainer,Magic Number,The method contains a magic number: 9000,108
s3fs-nio,org.carlspring.cloud.storage.s3fs,BaseTest,getTestBasePath,Empty catch clause,The method has an empty catch block.,24
s3fs-nio,org.carlspring.cloud.storage.s3fs,BaseTest,getTestBasePath,Long Statement,The length of the statement "Method method=Arrays.stream(clazz.getDeclaredMethods()).filter(m -> m.getName().equals(methodName)).findFirst().orElse(null);" is 125.,24
s3fs-nio,org.carlspring.cloud.storage.s3fs,BaseTest,getTestBasePath,Long Statement,The length of the statement "boolean hasTestAnnotation=Arrays.stream(method.getDeclaredAnnotations()).anyMatch(a -> a.annotationType() == Test.class || a.annotationType() == ParameterizedTest.class);" is 170.,24
s3fs-nio,org.carlspring.cloud.storage.s3fs,BaseTest,abbreviateClassName,Magic Number,The method contains a magic number: 5,151
s3fs-nio,org.carlspring.cloud.storage.s3fs,CacheTest,cacheIsInclusive,Magic Number,The method contains a magic number: 300L,15
s3fs-nio,org.carlspring.cloud.storage.s3fs,CacheTest,cacheIsInclusive,Magic Number,The method contains a magic number: 300,15
s3fs-nio,org.carlspring.cloud.storage.s3fs,CacheTest,outOfTime,Magic Number,The method contains a magic number: 200L,30
s3fs-nio,org.carlspring.cloud.storage.s3fs,CacheTest,outOfTime,Magic Number,The method contains a magic number: 100,30
s3fs-nio,org.carlspring.cloud.storage.s3fs,CacheTest,infinite,Magic Number,The method contains a magic number: 200L,45
s3fs-nio,org.carlspring.cloud.storage.s3fs,CacheTest,infinite,Magic Number,The method contains a magic number: 100,45
s3fs-nio,org.carlspring.cloud.storage.s3fs,FilesIT,virtualDirectoryStreamTest,Magic Number,The method contains a magic number: 2,292
s3fs-nio,org.carlspring.cloud.storage.s3fs,FilesIT,virtualDirectoryStreamTest,Missing default,The following switch statement is missing a default case: !org.eclipse.jdt.core.dom.SwitchStatement@5e19fe1d,292
s3fs-nio,org.carlspring.cloud.storage.s3fs,FilesIT,virtualDirectoryStreamWithVirtualSubFolderTest,Magic Number,The method contains a magic number: 2,352
s3fs-nio,org.carlspring.cloud.storage.s3fs,FilesIT,virtualDirectoryStreamWithVirtualSubFolderTest,Missing default,The following switch statement is missing a default case: !org.eclipse.jdt.core.dom.SwitchStatement@65711ffb,352
s3fs-nio,org.carlspring.cloud.storage.s3fs,FilesIT,amazonCopyNotDetectContentTypeSetDefault,Long Statement,The length of the statement "final byte[] data=new byte[]{(byte)0xe0`0x4f`(byte)0xd0`0x20`(byte)0xea`0x3a`0x69`0x10`(byte)0xa2`(byte)0xd8`0x08`0x00`0x2b`0x30`0x30`(byte)0x9d};" is 146.,569
s3fs-nio,org.carlspring.cloud.storage.s3fs,FilesIT,amazonCopyNotDetectContentTypeSetDefault,Magic Number,The method contains a magic number: 0xe0,569
s3fs-nio,org.carlspring.cloud.storage.s3fs,FilesIT,amazonCopyNotDetectContentTypeSetDefault,Magic Number,The method contains a magic number: 0xd0,569
s3fs-nio,org.carlspring.cloud.storage.s3fs,FilesIT,amazonCopyNotDetectContentTypeSetDefault,Magic Number,The method contains a magic number: 0xea,569
s3fs-nio,org.carlspring.cloud.storage.s3fs,FilesIT,amazonCopyNotDetectContentTypeSetDefault,Magic Number,The method contains a magic number: 0xa2,569
s3fs-nio,org.carlspring.cloud.storage.s3fs,FilesIT,amazonCopyNotDetectContentTypeSetDefault,Magic Number,The method contains a magic number: 0xd8,569
s3fs-nio,org.carlspring.cloud.storage.s3fs,FilesIT,amazonCopyNotDetectContentTypeSetDefault,Magic Number,The method contains a magic number: 0x9d,569
s3fs-nio,org.carlspring.cloud.storage.s3fs,FilesIT,amazonOutputStreamDetectContentType,Magic Number,The method contains a magic number: 8192,611
s3fs-nio,org.carlspring.cloud.storage.s3fs,FilesIT,readAttributesString,Magic Number,The method contains a magic number: 9,671
s3fs-nio,org.carlspring.cloud.storage.s3fs,FilesIT,readAttributesDirectory,Long Statement,The length of the statement "BasicFileAttributes fileAttributes=Files.readAttributes(dir.resolve("lib").resolve("angular")`BasicFileAttributes.class);" is 121.,692
s3fs-nio,org.carlspring.cloud.storage.s3fs,S3AwsRegionProviderChainTest,secondProviderInChainGivesAwsProfileRegionInformation,Long Statement,The length of the statement "final Supplier<ProfileFile> profileFile=() -> ProfileFile.builder().type(ProfileFile.Type.CONFIGURATION).content(profilePath).build();" is 134.,55
s3fs-nio,org.carlspring.cloud.storage.s3fs,S3AwsRegionProviderChainTest,secondProviderInChainGivesAwsProfileRegionInformation,Long Statement,The length of the statement "final AwsRegionProviderChain chain=S3AwsRegionProviderChain.builder().profileFile(profileFile).profileName(profileName).build();" is 128.,55
s3fs-nio,org.carlspring.cloud.storage.s3fs,S3AwsRegionProviderChainTest,whenSecondProviderInChainHasAwsProfileWithoutRegionItShouldThrowAnException,Long Statement,The length of the statement "final Supplier<ProfileFile> profileFile=() -> ProfileFile.builder().type(ProfileFile.Type.CONFIGURATION).content(profilePath).build();" is 134.,84
s3fs-nio,org.carlspring.cloud.storage.s3fs,S3AwsRegionProviderChainTest,whenSecondProviderInChainHasAwsProfileWithoutRegionItShouldThrowAnException,Long Statement,The length of the statement "final S3AwsRegionProviderChain chain=S3AwsRegionProviderChain.builder().profileFile(profileFile).profileName(profileName).build();" is 130.,84
s3fs-nio,org.carlspring.cloud.storage.s3fs,S3ClientFactoryTest,neverTrustTheDefaults,Long Statement,The length of the statement "assertEquals("class software.amazon.awssdk.core.signer.NoOpSigner"`overrideConfiguration.toBuilder().advancedOptions().get(SIGNER).getClass().toString());" is 154.,28
s3fs-nio,org.carlspring.cloud.storage.s3fs,S3ClientFactoryTest,neverTrustTheDefaults,Magic Number,The method contains a magic number: 3,28
s3fs-nio,org.carlspring.cloud.storage.s3fs,S3ClientFactoryTest,halfTheCredentials,Long Statement,The length of the statement "Exception exception=assertThrows(NullPointerException.class`() -> clientFactory.getS3Client(S3EndpointConstant.S3_GLOBAL_URI_TEST`props));" is 138.,136
s3fs-nio,org.carlspring.cloud.storage.s3fs,S3ClientFactoryTest,theOtherHalf,Long Statement,The length of the statement "Exception exception=assertThrows(NullPointerException.class`() -> clientFactory.getS3Client(S3EndpointConstant.S3_GLOBAL_URI_TEST`props));" is 138.,155
s3fs-nio,org.carlspring.cloud.storage.s3fs,S3ClientFactoryTest,overrideHostAndPort,Magic Number,The method contains a magic number: 8001,174
s3fs-nio,org.carlspring.cloud.storage.s3fs,S3ClientIT,setup,Long Statement,The length of the statement "final AwsCredentials credentialsS3=AwsBasicCredentials.create(credentials.get(ACCESS_KEY).toString()`credentials.get(SECRET_KEY).toString());" is 141.,39
s3fs-nio,org.carlspring.cloud.storage.s3fs,S3ClientIT,putObject,Long Statement,The length of the statement "PutObjectRequest request=PutObjectRequest.builder().bucket(getBucket()).key(getTestBasePath() + "/" + randomUUID().toString()).build();" is 135.,54
s3fs-nio,org.carlspring.cloud.storage.s3fs,S3ClientIT,putObjectWithBothSlash,Long Statement,The length of the statement "PutObjectRequest request=PutObjectRequest.builder().bucket(getBucket()).key("/" + getTestBasePathWithUUID() + "/").build();" is 123.,104
s3fs-nio,org.carlspring.cloud.storage.s3fs,S3FileAttributesTest,toStringPrintsBasicInfo,Magic Number,The method contains a magic number: 100,15
s3fs-nio,org.carlspring.cloud.storage.s3fs,S3FileAttributesTest,toStringPrintsBasicInfo,Magic Number,The method contains a magic number: 10,15
s3fs-nio,org.carlspring.cloud.storage.s3fs,S3FileChannelTest,positionAndBytesReadForReadProvider,Magic Number,The method contains a magic number: 10,57
s3fs-nio,org.carlspring.cloud.storage.s3fs,S3FileChannelTest,positionAndBytesReadForReadProvider,Magic Number,The method contains a magic number: 5,57
s3fs-nio,org.carlspring.cloud.storage.s3fs,S3FileChannelTest,positionAndBytesReadForReadProvider,Magic Number,The method contains a magic number: 9,57
s3fs-nio,org.carlspring.cloud.storage.s3fs,S3FileChannelTest,positionAndBytesReadForReadProvider,Magic Number,The method contains a magic number: 15,57
s3fs-nio,org.carlspring.cloud.storage.s3fs,S3FileChannelTest,constructorReadFromPosition,Magic Number,The method contains a magic number: 10,82
s3fs-nio,org.carlspring.cloud.storage.s3fs,S3FileChannelTest,whenChannelNotOpenedThenReadShouldReturnZero,Magic Number,The method contains a magic number: 10,108
s3fs-nio,org.carlspring.cloud.storage.s3fs,S3FileChannelTest,constructorReadWithHandlerFromPosition,Magic Number,The method contains a magic number: 10,131
s3fs-nio,org.carlspring.cloud.storage.s3fs,S3FileChannelTest,constructorReadWithHandlerFromPosition,Magic Number,The method contains a magic number: 10,131
s3fs-nio,org.carlspring.cloud.storage.s3fs,S3FileChannelTest,whenChannelNotOpenedThenReadWithHandlerShouldDoNothing,Magic Number,The method contains a magic number: 10,177
s3fs-nio,org.carlspring.cloud.storage.s3fs,S3FileChannelTest,whenChannelNotOpenedThenReadWithHandlerShouldDoNothing,Magic Number,The method contains a magic number: 10,177
s3fs-nio,org.carlspring.cloud.storage.s3fs,S3FileChannelTest,whenChannelNotOpenedThenWriteShouldReturnZero,Magic Number,The method contains a magic number: 10,262
s3fs-nio,org.carlspring.cloud.storage.s3fs,S3FileChannelTest,constructorWriteWithHandlerFromPosition,Magic Number,The method contains a magic number: 10,284
s3fs-nio,org.carlspring.cloud.storage.s3fs,S3FileChannelTest,whenChannelNotOpenedThenWriteWithHandlerShouldDoNothing,Magic Number,The method contains a magic number: 10,334
s3fs-nio,org.carlspring.cloud.storage.s3fs,S3FileChannelTest,whenChannelNotOpenedThenWriteWithHandlerShouldDoNothing,Magic Number,The method contains a magic number: 10,334
s3fs-nio,org.carlspring.cloud.storage.s3fs,S3FileChannelTest,constructorWriteButTryToRead,Magic Number,The method contains a magic number: 10,369
s3fs-nio,org.carlspring.cloud.storage.s3fs,S3FileChannelTest,alreadyExists,Long Statement,The length of the statement "final Exception exception=assertThrows(FileAlreadyExistsException.class`() -> new S3FileChannel(file1`options`null`true));" is 122.,432
s3fs-nio,org.carlspring.cloud.storage.s3fs,S3FileChannelTest,lockAcquiresALockOfChannelFile,Magic Number,The method contains a magic number: 20,506
s3fs-nio,org.carlspring.cloud.storage.s3fs,S3FileChannelTest,lockWithHandlerAcquiresALockOfChannelFile,Magic Number,The method contains a magic number: 10,551
s3fs-nio,org.carlspring.cloud.storage.s3fs,S3FileChannelTest,lockWithHandlerAcquiresALockOfChannelFile,Magic Number,The method contains a magic number: 20,551
s3fs-nio,org.carlspring.cloud.storage.s3fs,S3FileChannelTest,tryLockShouldAcquireLockOverANotAcquiredLock,Magic Number,The method contains a magic number: 20,647
s3fs-nio,org.carlspring.cloud.storage.s3fs,S3FileStoreTest,prepareFileStore,Long Statement,The length of the statement "Map<String`Object> env=ImmutableMap.<String`Object>builder().put(ACCESS_KEY`"access-mocked").put(SECRET_KEY`"secret-mocked").build();" is 133.,40
s3fs-nio,org.carlspring.cloud.storage.s3fs,S3FileStoreTest,getUnsupportedFileStoreAttributeView,Long Statement,The length of the statement "final Exception exception=assertThrows(IllegalArgumentException.class`() -> fileStore.getFileStoreAttributeView(attributeViewClass));" is 133.,90
s3fs-nio,org.carlspring.cloud.storage.s3fs,S3FileSystemTest,getRootDirectories,Magic Number,The method contains a magic number: 2,215
s3fs-nio,org.carlspring.cloud.storage.s3fs,S3FileSystemTest,comparables,Long Statement,The length of the statement "S3FileSystem s3fs3=(S3FileSystem)provider.newFileSystem(URI.create("s3://accessKey:secretKey@mirror1.amazon.test/")`null);" is 122.,275
s3fs-nio,org.carlspring.cloud.storage.s3fs,S3FileSystemTest,comparables,Long Statement,The length of the statement "S3FileSystem s3fs4=(S3FileSystem)provider.newFileSystem(URI.create("s3://accessKey:secretKey@mirror2.amazon.test")`null);" is 121.,275
s3fs-nio,org.carlspring.cloud.storage.s3fs,S3FileSystemTest,comparables,Long Statement,The length of the statement "S3FileSystem s3fs6=(S3FileSystem)provider.newFileSystem(URI.create("s3://access_key:secret_key@mirror1.amazon.test/")`null);" is 124.,275
s3fs-nio,org.carlspring.cloud.storage.s3fs,S3FileSystemTest,comparables,Magic Number,The method contains a magic number: 50,275
s3fs-nio,org.carlspring.cloud.storage.s3fs,S3FileSystemTest,key2Parts,Magic Number,The method contains a magic number: 2,329
s3fs-nio,org.carlspring.cloud.storage.s3fs,S3FileSystemTest,key2Parts,Magic Number,The method contains a magic number: 3,329
s3fs-nio,org.carlspring.cloud.storage.s3fs,S3IteratorTest,iteratorWithSubFolderAndSubFiles,Long Statement,The length of the statement "client.bucket("bucketA").dir("dir"`"dir/dir"`"dir/dir2"`"dir/dir2/dir3").file("dir/file"`"dir/file2"`"dir/dir/file"`"dir/dir2/file"`"dir/dir2/dir3/file");" is 154.,99
s3fs-nio,org.carlspring.cloud.storage.s3fs,S3IteratorTest,iteratorWithSubFolderAndSubFilesAtBucketLevel,Long Statement,The length of the statement "client.bucket("bucketA").file("file"`"file2"`"dir/file3"`"dir2/file4"`"dir2/dir3/file3").dir("dir"`"dir2"`"dir2/dir3"`"dir4");" is 126.,117
s3fs-nio,org.carlspring.cloud.storage.s3fs,S3IteratorTest,iteratorDirs,Long Statement,The length of the statement "client.bucket("bucketA").file("file1"`"file2"`"file3"`"directory1/file1.1"`"directory1/file1.2"`"directory1/file1.3").dir("directory1");" is 136.,198
s3fs-nio,org.carlspring.cloud.storage.s3fs,S3IteratorTest,incrementalVirtualDirs,Long Statement,The length of the statement "client.bucket("bucketA").file("dir/subdir/subberdir/file1.1"`"dir/subdir/subberdir/file1.2"`"dir/subdir/subberdir/file1.3");" is 124.,236
s3fs-nio,org.carlspring.cloud.storage.s3fs,S3IteratorTest,iteratorMoreThanS3ClientLimit,Magic Number,The method contains a magic number: 1050,252
s3fs-nio,org.carlspring.cloud.storage.s3fs,S3IteratorTest,iteratorMoreThanS3ClientLimit,Magic Number,The method contains a magic number: 1050,252
s3fs-nio,org.carlspring.cloud.storage.s3fs,S3IteratorTest,iteratorMoreThanS3ClientLimit,Magic Number,The method contains a magic number: 1000,252
s3fs-nio,org.carlspring.cloud.storage.s3fs,S3IteratorTest,iteratorMoreThanS3ClientLimit,Magic Number,The method contains a magic number: 100,252
s3fs-nio,org.carlspring.cloud.storage.s3fs,S3IteratorTest,iteratorMoreThanS3ClientLimit,Magic Number,The method contains a magic number: 10,252
s3fs-nio,org.carlspring.cloud.storage.s3fs,S3IteratorTest,iteratorMoreThanS3ClientLimit,Magic Number,The method contains a magic number: 2,252
s3fs-nio,org.carlspring.cloud.storage.s3fs,S3OutputStreamTest,offsetAndLengthForWriteProvider,Magic Number,The method contains a magic number: 5,53
s3fs-nio,org.carlspring.cloud.storage.s3fs,S3OutputStreamTest,writeToClosedStreamShouldProduceExceptionThreadSafe,Long Statement,The length of the statement "CompletableFuture[] futures=new CompletableFuture[]{CompletableFuture.runAsync(runnable)`CompletableFuture.runAsync(runnable)`CompletableFuture.runAsync(runnable)`CompletableFuture.runAsync(runnable)};" is 201.,86
s3fs-nio,org.carlspring.cloud.storage.s3fs,S3OutputStreamTest,closingStreamShouldBeThreadSafe,Long Statement,The length of the statement "CompletableFuture[] futures=new CompletableFuture[]{CompletableFuture.runAsync(runnable)`CompletableFuture.runAsync(runnable)`CompletableFuture.runAsync(runnable)`CompletableFuture.runAsync(runnable)`CompletableFuture.runAsync(runnable)};" is 238.,141
s3fs-nio,org.carlspring.cloud.storage.s3fs,S3OutputStreamTest,closingStreamShouldBeThreadSafe,Magic Number,The method contains a magic number: 5,141
s3fs-nio,org.carlspring.cloud.storage.s3fs,S3OutputStreamTest,closeAndWriteProducesIOException,Magic Number,The method contains a magic number: 6,236
s3fs-nio,org.carlspring.cloud.storage.s3fs,S3OutputStreamTest,closeAndWriteProducesIOException,Magic Number,The method contains a magic number: 1024,236
s3fs-nio,org.carlspring.cloud.storage.s3fs,S3OutputStreamTest,closeAndWriteProducesIOException,Magic Number,The method contains a magic number: 1024,236
s3fs-nio,org.carlspring.cloud.storage.s3fs,S3OutputStreamTest,closeAndWriteProducesIOException,Magic Number,The method contains a magic number: 3,236
s3fs-nio,org.carlspring.cloud.storage.s3fs,S3OutputStreamTest,closeAndWriteProducesIOException,Magic Number,The method contains a magic number: 1024,236
s3fs-nio,org.carlspring.cloud.storage.s3fs,S3OutputStreamTest,closeAndWriteProducesIOException,Magic Number,The method contains a magic number: 1024,236
s3fs-nio,org.carlspring.cloud.storage.s3fs,S3OutputStreamTest,maxNumberOfUploadPartsReachedProducesIOException,Magic Number,The method contains a magic number: 6,269
s3fs-nio,org.carlspring.cloud.storage.s3fs,S3OutputStreamTest,maxNumberOfUploadPartsReachedProducesIOException,Magic Number,The method contains a magic number: 1024,269
s3fs-nio,org.carlspring.cloud.storage.s3fs,S3OutputStreamTest,maxNumberOfUploadPartsReachedProducesIOException,Magic Number,The method contains a magic number: 1024,269
s3fs-nio,org.carlspring.cloud.storage.s3fs,S3OutputStreamTest,maxNumberOfUploadPartsReachedProducesIOException,Magic Number,The method contains a magic number: 12,269
s3fs-nio,org.carlspring.cloud.storage.s3fs,S3OutputStreamTest,maxNumberOfUploadPartsReachedProducesIOException,Magic Number,The method contains a magic number: 1024,269
s3fs-nio,org.carlspring.cloud.storage.s3fs,S3OutputStreamTest,maxNumberOfUploadPartsReachedProducesIOException,Magic Number,The method contains a magic number: 1024,269
s3fs-nio,org.carlspring.cloud.storage.s3fs,S3OutputStreamTest,smallDataUsesPutObject,Magic Number,The method contains a magic number: 64,302
s3fs-nio,org.carlspring.cloud.storage.s3fs,S3OutputStreamTest,bigDataUsesMultipartUpload,Magic Number,The method contains a magic number: 6,327
s3fs-nio,org.carlspring.cloud.storage.s3fs,S3OutputStreamTest,bigDataUsesMultipartUpload,Magic Number,The method contains a magic number: 1024,327
s3fs-nio,org.carlspring.cloud.storage.s3fs,S3OutputStreamTest,bigDataUsesMultipartUpload,Magic Number,The method contains a magic number: 1024,327
s3fs-nio,org.carlspring.cloud.storage.s3fs,S3OutputStreamTest,bigDataUsesMultipartUpload,Magic Number,The method contains a magic number: 3,327
s3fs-nio,org.carlspring.cloud.storage.s3fs,S3OutputStreamTest,bigDataUsesMultipartUpload,Magic Number,The method contains a magic number: 1024,327
s3fs-nio,org.carlspring.cloud.storage.s3fs,S3OutputStreamTest,bigDataUsesMultipartUpload,Magic Number,The method contains a magic number: 1024,327
s3fs-nio,org.carlspring.cloud.storage.s3fs,S3OutputStreamTest,whenCreateMultipartUploadFailsThenAnExceptionIsThrown,Long Statement,The length of the statement "final CreateMultipartUploadRequest request=CreateMultipartUploadRequest.builder().bucket(BUCKET_NAME).key(key).metadata(new HashMap<>()).build();" is 145.,357
s3fs-nio,org.carlspring.cloud.storage.s3fs,S3OutputStreamTest,whenCreateMultipartUploadFailsThenAnExceptionIsThrown,Magic Number,The method contains a magic number: 8,357
s3fs-nio,org.carlspring.cloud.storage.s3fs,S3OutputStreamTest,whenCreateMultipartUploadFailsThenAnExceptionIsThrown,Magic Number,The method contains a magic number: 1024,357
s3fs-nio,org.carlspring.cloud.storage.s3fs,S3OutputStreamTest,whenCreateMultipartUploadFailsThenAnExceptionIsThrown,Magic Number,The method contains a magic number: 1024,357
s3fs-nio,org.carlspring.cloud.storage.s3fs,S3OutputStreamTest,whenCreateMultipartUploadFailsThenAnExceptionIsThrown,Magic Number,The method contains a magic number: 4,357
s3fs-nio,org.carlspring.cloud.storage.s3fs,S3OutputStreamTest,whenCreateMultipartUploadFailsThenAnExceptionIsThrown,Magic Number,The method contains a magic number: 1024,357
s3fs-nio,org.carlspring.cloud.storage.s3fs,S3OutputStreamTest,whenCreateMultipartUploadFailsThenAnExceptionIsThrown,Magic Number,The method contains a magic number: 1024,357
s3fs-nio,org.carlspring.cloud.storage.s3fs,S3OutputStreamTest,whenCreateMultipartUploadReturnsNullUploadIdThenAnExceptionIsThrown,Long Statement,The length of the statement "final CreateMultipartUploadRequest request=CreateMultipartUploadRequest.builder().bucket(BUCKET_NAME).key(key).metadata(new HashMap<>()).build();" is 145.,397
s3fs-nio,org.carlspring.cloud.storage.s3fs,S3OutputStreamTest,whenCreateMultipartUploadReturnsNullUploadIdThenAnExceptionIsThrown,Magic Number,The method contains a magic number: 6,397
s3fs-nio,org.carlspring.cloud.storage.s3fs,S3OutputStreamTest,whenCreateMultipartUploadReturnsNullUploadIdThenAnExceptionIsThrown,Magic Number,The method contains a magic number: 1024,397
s3fs-nio,org.carlspring.cloud.storage.s3fs,S3OutputStreamTest,whenCreateMultipartUploadReturnsNullUploadIdThenAnExceptionIsThrown,Magic Number,The method contains a magic number: 1024,397
s3fs-nio,org.carlspring.cloud.storage.s3fs,S3OutputStreamTest,whenCreateMultipartUploadReturnsNullUploadIdThenAnExceptionIsThrown,Magic Number,The method contains a magic number: 3,397
s3fs-nio,org.carlspring.cloud.storage.s3fs,S3OutputStreamTest,whenCreateMultipartUploadReturnsNullUploadIdThenAnExceptionIsThrown,Magic Number,The method contains a magic number: 1024,397
s3fs-nio,org.carlspring.cloud.storage.s3fs,S3OutputStreamTest,whenCreateMultipartUploadReturnsNullUploadIdThenAnExceptionIsThrown,Magic Number,The method contains a magic number: 1024,397
s3fs-nio,org.carlspring.cloud.storage.s3fs,S3OutputStreamTest,whenUploadPartFailsThenAnExceptionIsThrown,Magic Number,The method contains a magic number: 6,439
s3fs-nio,org.carlspring.cloud.storage.s3fs,S3OutputStreamTest,whenUploadPartFailsThenAnExceptionIsThrown,Magic Number,The method contains a magic number: 1024,439
s3fs-nio,org.carlspring.cloud.storage.s3fs,S3OutputStreamTest,whenUploadPartFailsThenAnExceptionIsThrown,Magic Number,The method contains a magic number: 1024,439
s3fs-nio,org.carlspring.cloud.storage.s3fs,S3OutputStreamTest,whenUploadPartFailsThenAnExceptionIsThrown,Magic Number,The method contains a magic number: 3,439
s3fs-nio,org.carlspring.cloud.storage.s3fs,S3OutputStreamTest,whenUploadPartFailsThenAnExceptionIsThrown,Magic Number,The method contains a magic number: 1024,439
s3fs-nio,org.carlspring.cloud.storage.s3fs,S3OutputStreamTest,whenUploadPartFailsThenAnExceptionIsThrown,Magic Number,The method contains a magic number: 1024,439
s3fs-nio,org.carlspring.cloud.storage.s3fs,S3OutputStreamTest,whenUploadPartAndAbortMultipartFailsThenAnExceptionIsThrown,Magic Number,The method contains a magic number: 6,474
s3fs-nio,org.carlspring.cloud.storage.s3fs,S3OutputStreamTest,whenUploadPartAndAbortMultipartFailsThenAnExceptionIsThrown,Magic Number,The method contains a magic number: 1024,474
s3fs-nio,org.carlspring.cloud.storage.s3fs,S3OutputStreamTest,whenUploadPartAndAbortMultipartFailsThenAnExceptionIsThrown,Magic Number,The method contains a magic number: 1024,474
s3fs-nio,org.carlspring.cloud.storage.s3fs,S3OutputStreamTest,whenUploadPartAndAbortMultipartFailsThenAnExceptionIsThrown,Magic Number,The method contains a magic number: 3,474
s3fs-nio,org.carlspring.cloud.storage.s3fs,S3OutputStreamTest,whenUploadPartAndAbortMultipartFailsThenAnExceptionIsThrown,Magic Number,The method contains a magic number: 1024,474
s3fs-nio,org.carlspring.cloud.storage.s3fs,S3OutputStreamTest,whenUploadPartAndAbortMultipartFailsThenAnExceptionIsThrown,Magic Number,The method contains a magic number: 1024,474
s3fs-nio,org.carlspring.cloud.storage.s3fs,S3OutputStreamTest,assertThatBytesHaveBeenPut,Long Statement,The length of the statement "try (final InputStream inputStream=requestBodyCaptor.getValue().contentStreamProvider().newStream();final DataInputStream dataInputStream=new DataInputStream(inputStream)){" is 172.,510
s3fs-nio,org.carlspring.cloud.storage.s3fs,S3SeekableByteChannelTest,constructor,Long Statement,The length of the statement "S3SeekableByteChannel channel=new S3SeekableByteChannel(file1`EnumSet.of(StandardOpenOption.WRITE`StandardOpenOption.READ)`tempFileRequired);" is 141.,44
s3fs-nio,org.carlspring.cloud.storage.s3fs,S3SeekableByteChannelTest,tempFileDisappeared,Long Statement,The length of the statement "S3SeekableByteChannel channel=new S3SeekableByteChannel(file2`EnumSet.of(StandardOpenOption.WRITE`StandardOpenOption.READ)`true);" is 129.,149
s3fs-nio,org.carlspring.cloud.storage.s3fs,S3SeekableByteChannelTest,writeFileWithReallyLongName,Long Statement,The length of the statement "final String longDirectoryName="FuscetellusodiodapibusidfermentumquissuscipitideratEtiamquisquamVestibulumeratnullaullamcorpernecrutrumnonnon";" is 143.,175
s3fs-nio,org.carlspring.cloud.storage.s3fs,S3SeekableByteChannelTest,writeFileWithReallyLongName,Long Statement,The length of the statement "final String longFileName="ummyaceratSedutperspiciatisundeomnisisfasdfasdfasfsafdtenatuserrorsitvoluptatemaccusantiumdoloremquelaudantiumtotamremaperiameaqueipsaqummyaceratSedutperspiciatisundeomnisisfasdfasdfasfsafdtenatuserrorsitvoluptatemaccusantiumdoloremquelaudantiumtotamremaperiameaqueipsaq";" is 299.,175
s3fs-nio,org.carlspring.cloud.storage.s3fs,S3UnitTestBase,closeMemory,Empty catch clause,The method has an empty catch block.,47
s3fs-nio,org.carlspring.cloud.storage.s3fs,S3UnitTestBase,tearDown,Empty catch clause,The method has an empty catch block.,66
s3fs-nio,org.carlspring.cloud.storage.s3fs,S3UtilsTest,getS3Object,Magic Number,The method contains a magic number: 19,45
s3fs-nio,org.carlspring.cloud.storage.s3fs,S3UtilsTest,getS3Object500,Long Statement,The length of the statement "final AwsServiceException toBeThrown=S3Exception.builder().message("We messed up").statusCode(INTERNAL_SERVER_ERROR).build();" is 125.,84
s3fs-nio,org.carlspring.cloud.storage.s3fs,S3WalkerTest,walkFileTree,Long Statement,The length of the statement "mockBucket.file("folder/subfolder1/file1.1"`"folder/subfolder1/file1.2"`"folder/subfolder1/file1.3"`"folder/subfolder1/file1.4");" is 129.,139
s3fs-nio,org.carlspring.cloud.storage.s3fs,S3WalkerTest,walkFileTree,Long Statement,The length of the statement "mockBucket.file("folder/subfolder2/file2.1"`"folder/subfolder2/file2.2"`"folder/subfolder2/file2.3"`"folder/subfolder2/file2.4");" is 129.,139
s3fs-nio,org.carlspring.cloud.storage.s3fs,S3WalkerTest,walkFileTree,Magic Number,The method contains a magic number: 14,139
s3fs-nio,org.carlspring.cloud.storage.s3fs,S3WalkerTest,walkFileTree,Magic Number,The method contains a magic number: 20,139
s3fs-nio,org.carlspring.cloud.storage.s3fs,S3WalkerTest,walkEmptyFileTree,Magic Number,The method contains a magic number: 2,184
s3fs-nio,org.carlspring.cloud.storage.s3fs,S3WalkerTest,walkLargeFileTree,Magic Number,The method contains a magic number: 21,209
s3fs-nio,org.carlspring.cloud.storage.s3fs,S3WalkerTest,walkLargeFileTree,Magic Number,The method contains a magic number: 50,209
s3fs-nio,org.carlspring.cloud.storage.s3fs,S3WalkerTest,walkLargeFileTree,Magic Number,The method contains a magic number: 10,209
s3fs-nio,org.carlspring.cloud.storage.s3fs,S3WalkerTest,walkLargeFileTree,Magic Number,The method contains a magic number: 10,209
s3fs-nio,org.carlspring.cloud.storage.s3fs,S3WalkerTest,walkLargeFileTree,Magic Number,The method contains a magic number: 1094,209
s3fs-nio,org.carlspring.cloud.storage.s3fs.util,AttributesUtils,fileAttributeToMap,Complex Method,Cyclomatic complexity of the method is 17,23
s3fs-nio,org.carlspring.cloud.storage.s3fs.util,AttributesUtils,getAllAttributes,Long Statement,The length of the statement "return new String[]{"creationTime"`"fileKey"`"isDirectory"`"isOther"`"isRegularFile"`"isSymbolicLink"`"lastAccessTime"`"lastModifiedTime"`"size"`"permissions"`"group"`"owner"};" is 176.,84
s3fs-nio,org.carlspring.cloud.storage.s3fs.util,IOUtils,toByteArray,Magic Number,The method contains a magic number: 16384,13
s3fs-nio,org.carlspring.cloud.storage.s3fs.util,S3Utils,listS3Objects,Long Statement,The length of the statement "final ListObjectsV2Request request=ListObjectsV2Request.builder().bucket(bucketName).prefix(keyFolder).maxKeys(1).build();" is 122.,44
s3fs-nio,org.carlspring.cloud.storage.s3fs.util,S3Utils,getS3Object,Empty catch clause,The method has an empty catch block.,81
s3fs-nio,org.carlspring.cloud.storage.s3fs.util,S3Utils,getS3Object,Long Statement,The length of the statement "builder.key(key).lastModified(metadata.lastModified()).eTag(metadata.eTag()).owner(acl.owner()).size(metadata.contentLength()).storageClass(metadata.storageClassAsString());" is 173.,81
s3fs-nio,org.carlspring.cloud.storage.s3fs.util,S3Utils,getS3PosixFileAttributes,Long Statement,The length of the statement "return new S3PosixFileAttributes((String)attrs.fileKey()`attrs.lastModifiedTime()`attrs.size()`attrs.isDirectory()`attrs.isRegularFile()`userPrincipal`null`permissions);" is 169.,166
s3fs-nio,org.carlspring.cloud.storage.s3fs.util,S3Utils,toPosixFilePermission,Missing default,The following switch statement is missing a default case: !org.eclipse.jdt.core.dom.SwitchStatement@3123ea3,233
s3fs-nio,org.carlspring.cloud.storage.s3fs.util,S3Utils,toS3FileAttributes,Complex Conditional,The conditional expression key.endsWith("/") && resolvedKey.equals(key) || resolvedKey.equals(key + "/") is complex.,262
s3fs-nio,org.carlspring.cloud.storage.s3fs.util,EnvironmentBuilder,getRealEnv,Complex Conditional,The conditional expression accessKey != null && secretKey != null && region != null && protocol != null && bucket != null is complex.,34
s3fs-nio,org.carlspring.cloud.storage.s3fs.util,EnvironmentBuilder,getRealEnv,Long Statement,The length of the statement "env=ImmutableMap.<String`Object>builder().put(ACCESS_KEY`accessKey).put(SECRET_KEY`secretKey).put(REGION`region).put(PROTOCOL`protocol).put(BUCKET_NAME_KEY`bucket).build();" is 172.,34
s3fs-nio,org.carlspring.cloud.storage.s3fs.util,EnvironmentBuilder,getRealEnv,Long Statement,The length of the statement "env=ImmutableMap.<String`Object>builder().put(ACCESS_KEY`getPropFromSystemOrFallback(ACCESS_KEY`props)).put(SECRET_KEY`getPropFromSystemOrFallback(SECRET_KEY`props)).put(REGION`getPropFromSystemOrFallback(REGION`props)).put(PROTOCOL`getPropFromSystemOrFallback(PROTOCOL`props)).put(BUCKET_NAME_KEY`getPropFromSystemOrFallback(BUCKET_NAME_KEY`props)).build();" is 358.,34
s3fs-nio,org.carlspring.cloud.storage.s3fs.util,ExposingS3BaseClientBuilder,mergeServiceDefaults,Long Statement,The length of the statement "return config.merge((c) -> c.option(SdkAdvancedClientOption.SIGNER`this.defaultSigner()).option(SdkClientOption.CRC32_FROM_COMPRESSED_DATA_ENABLED`false).option(SdkClientOption.SERVICE_CONFIGURATION`S3Configuration.builder().build()));" is 235.,36
s3fs-nio,org.carlspring.cloud.storage.s3fs.util,ExposingS3BaseClientBuilder,finalizeServiceConfiguration,Long Statement,The length of the statement "List<ExecutionInterceptor> interceptors=interceptorFactory.getInterceptors("software/amazon/awssdk/services/s3/execution.interceptors");" is 136.,43
s3fs-nio,org.carlspring.cloud.storage.s3fs.util,ExposingS3BaseClientBuilder,finalizeServiceConfiguration,Long Statement,The length of the statement "c.profileFile(c.profileFile() != null ? c.profileFile() : config.option(SdkClientOption.PROFILE_FILE)).profileName(c.profileName() != null ? c.profileName() : config.option(SdkClientOption.PROFILE_NAME));" is 204.,43
s3fs-nio,org.carlspring.cloud.storage.s3fs.util,ExposingS3BaseClientBuilder,finalizeServiceConfiguration,Long Statement,The length of the statement "return config.toBuilder().option(SdkClientOption.EXECUTION_INTERCEPTORS`interceptors).option(SdkClientOption.SERVICE_CONFIGURATION`c.build()).build();" is 150.,43
s3fs-nio,org.carlspring.cloud.storage.s3fs.util,MinioContainer,MinioContainer,Long Statement,The length of the statement "setWaitStrategy(new HttpWaitStrategy().forPort(DEFAULT_PORT).forPath(HEALTH_ENDPOINT).withStartupTimeout(Duration.ofMinutes(2)));" is 129.,21
s3fs-nio,org.carlspring.cloud.storage.s3fs.util,MinioContainer,MinioContainer,Magic Number,The method contains a magic number: 6,21
s3fs-nio,org.carlspring.cloud.storage.s3fs.util,MinioContainer,MinioContainer,Magic Number,The method contains a magic number: 2,21
s3fs-nio,org.carlspring.cloud.storage.s3fs.util,S3ClientMock,addFile,Long Statement,The length of the statement "PosixFileAttributeView fileAttributeView=file.getFileSystem().provider().getFileAttributeView(file`PosixFileAttributeView.class);" is 129.,198
s3fs-nio,org.carlspring.cloud.storage.s3fs.util,S3ClientMock,copyObject,Magic Number,The method contains a magic number: 2,282
s3fs-nio,org.carlspring.cloud.storage.s3fs.util,S3ClientMock,getObject,Long Statement,The length of the statement "throw NoSuchKeyException.builder().message("Key not found: " + (object != null ? object.key() : key)).statusCode(NOT_FOUND).build();" is 132.,569
s3fs-nio,org.carlspring.cloud.storage.s3fs.util,S3ClientMock,buildGetObjectResponse,Long Statement,The length of the statement "return GetObjectResponse.builder().lastModified(object.lastModified()).eTag(object.eTag()).contentLength(object.size()).storageClass(object.storageClassAsString()).build();" is 172.,617
s3fs-nio,org.carlspring.cloud.storage.s3fs.util,S3ClientMock,listObjectsV2,Complex Method,Cyclomatic complexity of the method is 11,683
s3fs-nio,org.carlspring.cloud.storage.s3fs.util,S3ClientMock,listObjectsV2,Long Statement,The length of the statement "return ListObjectsV2Response.builder().isTruncated(true).contents(objects).name(bucketName).prefix(prefix).delimiter(delimiter).commonPrefixes(commonPrefixes).nextContinuationToken(iterator.next().getS3Object().key()).build();" is 226.,683
s3fs-nio,org.carlspring.cloud.storage.s3fs.util,S3ClientMock,listObjectsV2,Long Statement,The length of the statement "return ListObjectsV2Response.builder().isTruncated(false).contents(objects).name(bucketName).prefix(prefix).delimiter(delimiter).commonPrefixes(commonPrefixes).build();" is 168.,683
s3fs-nio,org.carlspring.cloud.storage.s3fs.util,S3ClientMock,parse,Long Statement,The length of the statement "final S3Object object=S3Object.builder().key(key).lastModified(lastModified).size(size).storageClass(storageClass).owner(owner).build();" is 136.,860
s3fs-nio,org.carlspring.cloud.storage.s3fs.util,S3ClientMock,getGrants,Complex Method,Cyclomatic complexity of the method is 11,923
s3fs-nio,org.carlspring.cloud.storage.s3fs.util,S3ClientMock,getGrants,Long Statement,The length of the statement "final Set<PosixFilePermission> posixFilePermissions=Files.readAttributes(element`PosixFileAttributes.class).permissions();" is 122.,923
s3fs-nio,org.carlspring.cloud.storage.s3fs.util,S3ClientMock,getGrants,Long Statement,The length of the statement "return permissions.stream().map(permission -> Grant.builder().grantee(grantee).permission(permission).build()).collect(Collectors.toList());" is 140.,923
s3fs-nio,org.carlspring.cloud.storage.s3fs.util,S3ClientMock,parse,Long Statement,The length of the statement "return HeadObjectResponse.builder().lastModified(object.lastModified()).eTag(object.eTag()).contentLength(object.contentLength()).storageClass(object.storageClassAsString()).build();" is 182.,991
s3fs-nio,org.carlspring.cloud.storage.s3fs.util,S3ClientMock,uploadPart,Long Statement,The length of the statement "try (final InputStream inputStream=requestBody.contentStreamProvider().newStream();final DataInputStream dataInputStream=new DataInputStream(inputStream)){" is 155.,1018
s3fs-nio,org.carlspring.cloud.storage.s3fs.util,S3ClientMock,persist,Empty catch clause,The method has an empty catch block.,1084
s3fs-nio,org.carlspring.cloud.storage.s3fs.fileSystemProvider,CheckAccessTest,checkAccessMissingFile,Long Statement,The length of the statement "final Exception exception=assertThrows(NoSuchFileException.class`() -> s3fsProvider.checkAccess(file1`AccessMode.WRITE));" is 121.,83
s3fs-nio,org.carlspring.cloud.storage.s3fs.fileSystemProvider,CheckAccessTest,checkAccessExecute,Long Statement,The length of the statement "final Exception exception=assertThrows(AccessDeniedException.class`() -> s3fsProvider.checkAccess(file1`AccessMode.EXECUTE));" is 125.,104
s3fs-nio,org.carlspring.cloud.storage.s3fs.fileSystemProvider,DeleteTest,deleteEmptyDirectory,Long Statement,The length of the statement "Path base=s3fsProvider.newFileSystem(URI.create("s3://endpoint1/")`ImmutableMap.<String`Object>builder().put(ACCESS_KEY`"access_key").put(SECRET_KEY`"secret_key").build()).getPath("/bucketA/dir");" is 196.,85
s3fs-nio,org.carlspring.cloud.storage.s3fs.fileSystemProvider,GetFileSystemIT,setup,Empty catch clause,The method has an empty catch block.,35
s3fs-nio,org.carlspring.cloud.storage.s3fs.fileSystemProvider,MoveTest,moveWithReplaceExisting,Long Statement,The length of the statement "client.bucket("bucketA").dir("dir").file("dir/file1"`content.getBytes()).file("dir/file2"`"different-content".getBytes());" is 122.,62
s3fs-nio,org.carlspring.cloud.storage.s3fs.fileSystemProvider,MoveTest,moveWithoutReplaceExisting,Long Statement,The length of the statement "client.bucket("bucketA").dir("dir").file("dir/file1"`content.getBytes()).file("dir/file2"`"different-content".getBytes());" is 122.,86
s3fs-nio,org.carlspring.cloud.storage.s3fs.fileSystemProvider,NewAsynchronousFileChannelTest,fileChannelWriteAndRead,Magic Number,The method contains a magic number: 7,47
s3fs-nio,org.carlspring.cloud.storage.s3fs.fileSystemProvider,NewAsynchronousFileChannelTest,fileChannelPositionRead,Magic Number,The method contains a magic number: 3,100
s3fs-nio,org.carlspring.cloud.storage.s3fs.fileSystemProvider,NewAsynchronousFileChannelTest,fileChannelPositionRead,Magic Number,The method contains a magic number: 3,100
s3fs-nio,org.carlspring.cloud.storage.s3fs.fileSystemProvider,NewAsynchronousFileChannelTest,fileChannelPositionWrite,Magic Number,The method contains a magic number: 5,128
s3fs-nio,org.carlspring.cloud.storage.s3fs.fileSystemProvider,NewAsynchronousFileChannelTest,fileChannelPositionWrite,Magic Number,The method contains a magic number: 5,128
s3fs-nio,org.carlspring.cloud.storage.s3fs.fileSystemProvider,NewAsynchronousFileChannelTest,fileChannelRead,Magic Number,The method contains a magic number: 7,184
s3fs-nio,org.carlspring.cloud.storage.s3fs.fileSystemProvider,NewAsynchronousFileChannelTest,fileChannelReadPartialContent,Magic Number,The method contains a magic number: 4,209
s3fs-nio,org.carlspring.cloud.storage.s3fs.fileSystemProvider,NewAsynchronousFileChannelTest,fileChannelReadPartialContent,Magic Number,The method contains a magic number: 3,209
s3fs-nio,org.carlspring.cloud.storage.s3fs.fileSystemProvider,NewAsynchronousFileChannelTest,fileChannelTruncate,Magic Number,The method contains a magic number: 3,234
s3fs-nio,org.carlspring.cloud.storage.s3fs.fileSystemProvider,NewAsynchronousFileChannelTest,fileChannelTruncate,Magic Number,The method contains a magic number: 7,234
s3fs-nio,org.carlspring.cloud.storage.s3fs.fileSystemProvider,NewAsynchronousFileChannelTest,fileChannelTruncate,Magic Number,The method contains a magic number: 3,234
s3fs-nio,org.carlspring.cloud.storage.s3fs.fileSystemProvider,NewAsynchronousFileChannelTest,fileChannelTruncateGreaterThanSize,Magic Number,The method contains a magic number: 10,260
s3fs-nio,org.carlspring.cloud.storage.s3fs.fileSystemProvider,NewAsynchronousFileChannelTest,fileChannelNotExists,Long Statement,The length of the statement "final Exception exception=assertThrows(NoSuchFileException.class`() -> s3fsProvider.newAsynchronousFileChannel(file`noOptions`null));" is 133.,323
s3fs-nio,org.carlspring.cloud.storage.s3fs.fileSystemProvider,NewAsynchronousFileChannelTestIT,newAsynchronousFileChannelCreateAndWrite,Long Statement,The length of the statement "final EnumSet<StandardOpenOption> options=EnumSet.of(StandardOpenOption.WRITE`StandardOpenOption.READ`StandardOpenOption.CREATE_NEW);" is 133.,82
s3fs-nio,org.carlspring.cloud.storage.s3fs.fileSystemProvider,NewByteChannelIT,newByteChannelCreateAndWrite,Long Statement,The length of the statement "try (SeekableByteChannel seek=fileSystemAmazon.provider().newByteChannel(file`EnumSet.of(StandardOpenOption.WRITE`StandardOpenOption.READ`StandardOpenOption.CREATE_NEW))){" is 171.,74
s3fs-nio,org.carlspring.cloud.storage.s3fs.fileSystemProvider,NewByteChannelIT,newByteChannelWrite,Long Statement,The length of the statement "try (SeekableByteChannel seek=fileSystemAmazon.provider().newByteChannel(file`EnumSet.of(StandardOpenOption.WRITE`StandardOpenOption.READ))){" is 141.,94
s3fs-nio,org.carlspring.cloud.storage.s3fs.fileSystemProvider,NewByteChannelIT,newByteChannelRead,Long Statement,The length of the statement "try (SeekableByteChannel seek=fileSystemAmazon.provider().newByteChannel(file`EnumSet.of(StandardOpenOption.WRITE`StandardOpenOption.READ))){" is 141.,131
s3fs-nio,org.carlspring.cloud.storage.s3fs.fileSystemProvider,NewByteChannelTest,seekable,Long Statement,The length of the statement "try (SeekableByteChannel seekable=s3fsProvider.newByteChannel(filePath`EnumSet.of(StandardOpenOption.WRITE`StandardOpenOption.READ))){" is 134.,42
s3fs-nio,org.carlspring.cloud.storage.s3fs.fileSystemProvider,NewByteChannelTest,seekable,Magic Number,The method contains a magic number: 7,42
s3fs-nio,org.carlspring.cloud.storage.s3fs.fileSystemProvider,NewByteChannelTest,seekableSize,Long Statement,The length of the statement "try (SeekableByteChannel seekable=s3fsProvider.newByteChannel(base.resolve("file")`EnumSet.of(StandardOpenOption.WRITE`StandardOpenOption.READ))){" is 146.,71
s3fs-nio,org.carlspring.cloud.storage.s3fs.fileSystemProvider,NewByteChannelTest,seekablePosition,Long Statement,The length of the statement "try (SeekableByteChannel seekable=s3fsProvider.newByteChannel(base.resolve("file")`EnumSet.of(StandardOpenOption.WRITE`StandardOpenOption.READ))){" is 146.,93
s3fs-nio,org.carlspring.cloud.storage.s3fs.fileSystemProvider,NewByteChannelTest,seekablePosition,Magic Number,The method contains a magic number: 10,93
s3fs-nio,org.carlspring.cloud.storage.s3fs.fileSystemProvider,NewByteChannelTest,seekablePosition,Magic Number,The method contains a magic number: 10,93
s3fs-nio,org.carlspring.cloud.storage.s3fs.fileSystemProvider,NewByteChannelTest,seekablePositionRead,Long Statement,The length of the statement "try (SeekableByteChannel seekable=s3fsProvider.newByteChannel(base.resolve("file")`EnumSet.of(StandardOpenOption.READ))){" is 121.,120
s3fs-nio,org.carlspring.cloud.storage.s3fs.fileSystemProvider,NewByteChannelTest,seekablePositionRead,Magic Number,The method contains a magic number: 3,120
s3fs-nio,org.carlspring.cloud.storage.s3fs.fileSystemProvider,NewByteChannelTest,seekablePositionRead,Magic Number,The method contains a magic number: 3,120
s3fs-nio,org.carlspring.cloud.storage.s3fs.fileSystemProvider,NewByteChannelTest,seekablePositionWrite,Long Statement,The length of the statement "try (SeekableByteChannel seekable=s3fsProvider.newByteChannel(base.resolve("file")`EnumSet.of(StandardOpenOption.WRITE))){" is 122.,148
s3fs-nio,org.carlspring.cloud.storage.s3fs.fileSystemProvider,NewByteChannelTest,seekablePositionWrite,Magic Number,The method contains a magic number: 5,148
s3fs-nio,org.carlspring.cloud.storage.s3fs.fileSystemProvider,NewByteChannelTest,seekablePositionWrite,Magic Number,The method contains a magic number: 5,148
s3fs-nio,org.carlspring.cloud.storage.s3fs.fileSystemProvider,NewByteChannelTest,seekableIsOpen,Long Statement,The length of the statement "try (SeekableByteChannel seekable=s3fsProvider.newByteChannel(base.resolve("file")`EnumSet.of(StandardOpenOption.WRITE))){" is 122.,176
s3fs-nio,org.carlspring.cloud.storage.s3fs.fileSystemProvider,NewByteChannelTest,seekableRead,Magic Number,The method contains a magic number: 7,200
s3fs-nio,org.carlspring.cloud.storage.s3fs.fileSystemProvider,NewByteChannelTest,seekableReadPartialContent,Magic Number,The method contains a magic number: 4,225
s3fs-nio,org.carlspring.cloud.storage.s3fs.fileSystemProvider,NewByteChannelTest,seekableReadPartialContent,Magic Number,The method contains a magic number: 3,225
s3fs-nio,org.carlspring.cloud.storage.s3fs.fileSystemProvider,NewByteChannelTest,seekableTruncate,Long Statement,The length of the statement "try (SeekableByteChannel seekable=s3fsProvider.newByteChannel(file`EnumSet.of(StandardOpenOption.WRITE`StandardOpenOption.READ))){" is 130.,249
s3fs-nio,org.carlspring.cloud.storage.s3fs.fileSystemProvider,NewByteChannelTest,seekableTruncate,Magic Number,The method contains a magic number: 3,249
s3fs-nio,org.carlspring.cloud.storage.s3fs.fileSystemProvider,NewByteChannelTest,seekableTruncateGreaterThanSize,Long Statement,The length of the statement "try (SeekableByteChannel seekable=s3fsProvider.newByteChannel(file`EnumSet.of(StandardOpenOption.WRITE`StandardOpenOption.READ))){" is 130.,271
s3fs-nio,org.carlspring.cloud.storage.s3fs.fileSystemProvider,NewByteChannelTest,seekableTruncateGreaterThanSize,Magic Number,The method contains a magic number: 10,271
s3fs-nio,org.carlspring.cloud.storage.s3fs.fileSystemProvider,NewDirectoryStreamTest,directoryStreamWithFilter,Long Statement,The length of the statement "client.bucket("bucketA").dir("dir1").file("dir/file1.txt"`"content".getBytes()).file("dir/file2.sql"`"content".getBytes()).file("dir/file3.txt"`"content".getBytes()).file("dir/file4.sql"`"content".getBytes()).file("dir/tmp_file.txt"`"content".getBytes());" is 255.,107
s3fs-nio,org.carlspring.cloud.storage.s3fs.fileSystemProvider,NewDirectoryStreamTest,list999Paths,Magic Number,The method contains a magic number: 999,136
s3fs-nio,org.carlspring.cloud.storage.s3fs.fileSystemProvider,NewFileSystemIT,setup,Empty catch clause,The method has an empty catch block.,39
s3fs-nio,org.carlspring.cloud.storage.s3fs.fileSystemProvider,NewFileSystemTest,misconfigure,Long Statement,The length of the statement "Exception exception=assertThrows(S3FileSystemConfigurationException.class`() -> s3fsProvider.createFileSystem(S3EndpointConstant.S3_GLOBAL_URI_TEST`props));" is 156.,52
s3fs-nio,org.carlspring.cloud.storage.s3fs.fileSystemProvider,NewFileSystemTest,newS3FileSystemWithCustomHostAndBucket,Long Statement,The length of the statement "FileSystem s3fs=s3fsProvider.newFileSystem(URI.create("s3://access-key:secret-key@my.ceph.storage/bucket")`ImmutableMap.of());" is 126.,93
s3fs-nio,org.carlspring.cloud.storage.s3fs.fileSystemProvider,NewFileSystemTest,createsAuthenticatedByEnv,Long Statement,The length of the statement "verify(s3fsProvider).createFileSystem(eq(uri)`eq(buildFakeProps((String)env.get(ACCESS_KEY)`(String)env.get(SECRET_KEY))));" is 123.,102
s3fs-nio,org.carlspring.cloud.storage.s3fs.fileSystemProvider,NewFileSystemTest,setEncodingByProperties,Long Statement,The length of the statement "verify(s3fsProvider).createFileSystem(eq(uri)`eq(buildFakeProps("better_access_key"`"better_secret_key"`StandardCharsets.UTF_8.toString())));" is 141.,118
s3fs-nio,org.carlspring.cloud.storage.s3fs.fileSystemProvider,NewFileSystemTest,createWithWrongEnv,Long Statement,The length of the statement "final Map<String`Object> env=ImmutableMap.<String`Object>builder().put(ACCESS_KEY`1234).put(SECRET_KEY`"secret key").build();" is 125.,269
s3fs-nio,org.carlspring.cloud.storage.s3fs.fileSystemProvider,NewFileSystemTest,createWithWrongEnv,Magic Number,The method contains a magic number: 1234,269
s3fs-nio,org.carlspring.cloud.storage.s3fs.fileSystemProvider,NewFileSystemTest,createTwoFileSystemThrowError,Long Statement,The length of the statement "Exception exception=assertThrows(FileSystemAlreadyExistsException.class`() -> provider.newFileSystem(S3EndpointConstant.S3_GLOBAL_URI_TEST`env));" is 145.,339
s3fs-nio,org.carlspring.cloud.storage.s3fs.fileSystemProvider,NewOutputStreamTest,outputStreamWithCreateNewAndFileExists,Long Statement,The length of the statement "final Exception exception=assertThrows(FileAlreadyExistsException.class`() -> s3fsProvider.newOutputStream(file`StandardOpenOption.CREATE_NEW));" is 144.,145
s3fs-nio,org.carlspring.cloud.storage.s3fs.fileSystemProvider,NewOutputStreamTest,outputStreamWithCreateAndFileExists,Long Statement,The length of the statement "final Exception exception=assertThrows(FileAlreadyExistsException.class`() -> s3fsProvider.newOutputStream(file`StandardOpenOption.CREATE));" is 140.,160
s3fs-nio,org.carlspring.cloud.storage.s3fs.fileSystemProvider,NewOutputStreamTest,getS3Directory,Long Statement,The length of the statement "final Map<String`Object> envMap=ImmutableMap.<String`Object>builder().put(ACCESS_KEY`"access_key").put(SECRET_KEY`"secret_key").build();" is 136.,196
s3fs-nio,org.carlspring.cloud.storage.s3fs.fileSystemProvider,ReadAttributesTest,readAttributesDirectory,Long Statement,The length of the statement "assertEquals(expectedAttributes.lastModifiedTime().to(TimeUnit.SECONDS)`fileAttributes.lastModifiedTime().to(TimeUnit.SECONDS));" is 128.,103
s3fs-nio,org.carlspring.cloud.storage.s3fs.fileSystemProvider,ReadAttributesTest,readAttributesDirectory,Long Statement,The length of the statement "assertEquals(expectedAttributes.lastAccessTime().to(TimeUnit.SECONDS)`fileAttributes.lastAccessTime().to(TimeUnit.SECONDS));" is 124.,103
s3fs-nio,org.carlspring.cloud.storage.s3fs.fileSystemProvider,ReadAttributesTest,readAttributesDirectory,Long Statement,The length of the statement "assertEquals(fileAttributes.lastAccessTime().to(TimeUnit.SECONDS)`fileAttributes.lastModifiedTime().to(TimeUnit.SECONDS));" is 122.,103
s3fs-nio,org.carlspring.cloud.storage.s3fs.fileSystemProvider,ReadAttributesTest,readAttributesDirectoryNotExistsAtAmazon,Long Statement,The length of the statement "assertEquals(expectedAttributes.lastModifiedTime().to(TimeUnit.SECONDS)`fileAttributes.lastModifiedTime().to(TimeUnit.SECONDS));" is 128.,139
s3fs-nio,org.carlspring.cloud.storage.s3fs.fileSystemProvider,ReadAttributesTest,readAttributesDirectoryNotExistsAtAmazon,Long Statement,The length of the statement "assertEquals(expectedAttributes.lastAccessTime().to(TimeUnit.SECONDS)`fileAttributes.lastAccessTime().to(TimeUnit.SECONDS));" is 124.,139
s3fs-nio,org.carlspring.cloud.storage.s3fs.fileSystemProvider,ReadAttributesTest,readAttributesDirectoryNotExistsAtAmazon,Long Statement,The length of the statement "assertEquals(fileAttributes.lastAccessTime().to(TimeUnit.SECONDS)`fileAttributes.lastModifiedTime().to(TimeUnit.SECONDS));" is 122.,139
s3fs-nio,org.carlspring.cloud.storage.s3fs.fileSystemProvider,ReadAttributesTest,readPosixPermissionOwnerWriteAttributes,Long Statement,The length of the statement "S3MockFactory.getS3ClientMock().bucket("bucketA").file("file"`"content".getBytes()`build("posix:permissions"`Sets.newHashSet(PosixFilePermission.OWNER_READ`PosixFilePermission.OWNER_WRITE)));" is 191.,279
s3fs-nio,org.carlspring.cloud.storage.s3fs.fileSystemProvider,ReadAttributesTest,readPosixPermissionOwnerExecuteAttributes,Long Statement,The length of the statement "S3MockFactory.getS3ClientMock().bucket("bucketA").file("file"`"content".getBytes()`build("posix:permissions"`Sets.newHashSet(PosixFilePermission.OWNER_READ`PosixFilePermission.OWNER_EXECUTE)));" is 193.,301
s3fs-nio,org.carlspring.cloud.storage.s3fs.fileSystemProvider,ReadAttributesTest,readPosixPermissionGroupWriteAttributes,Long Statement,The length of the statement "S3MockFactory.getS3ClientMock().bucket("bucketA").file("file"`"content".getBytes()`build("posix:permissions"`Sets.newHashSet(PosixFilePermission.OWNER_READ`PosixFilePermission.GROUP_WRITE)));" is 191.,323
s3fs-nio,org.carlspring.cloud.storage.s3fs.fileSystemProvider,ReadAttributesTest,readPosixPermissionGroupExecuteAttributes,Long Statement,The length of the statement "S3MockFactory.getS3ClientMock().bucket("bucketA").file("file"`"content".getBytes()`build("posix:permissions"`Sets.newHashSet(PosixFilePermission.OWNER_READ`PosixFilePermission.GROUP_EXECUTE)));" is 193.,345
s3fs-nio,org.carlspring.cloud.storage.s3fs.fileSystemProvider,ReadAttributesTest,readPosixPermissionOtherWriteAttributes,Long Statement,The length of the statement "S3MockFactory.getS3ClientMock().bucket("bucketA").file("file"`"content".getBytes()`build("posix:permissions"`Sets.newHashSet(PosixFilePermission.OWNER_READ`PosixFilePermission.OTHERS_WRITE)));" is 192.,367
s3fs-nio,org.carlspring.cloud.storage.s3fs.fileSystemProvider,ReadAttributesTest,readPosixPermissionOwnerAndGroupAttributes,Long Statement,The length of the statement "S3MockFactory.getS3ClientMock().bucket("bucketA").file("file"`"content".getBytes()`build("posix:permissions"`Sets.newHashSet(PosixFilePermission.OWNER_READ)));" is 159.,391
s3fs-nio,org.carlspring.cloud.storage.s3fs.fileSystemProvider,ReadAttributesTest,readAttributesPartial,Magic Number,The method contains a magic number: 2,483
s3fs-nio,org.carlspring.cloud.storage.s3fs.path,GetNameTest,getNames,Magic Number,The method contains a magic number: 2,63
s3fs-nio,org.carlspring.cloud.storage.s3fs.path,GetNameTest,getNameOutOfIndex,Magic Number,The method contains a magic number: 3,73
s3fs-nio,org.carlspring.cloud.storage.s3fs.path,ResolveSiblingTest,resolveSibling,Long Statement,The length of the statement "assertEquals(getPath("/bucket/path/to/file").resolveSibling(getPath("other/child"))`getPath("/bucket/path/to/other/child"));" is 124.,42
s3fs-nio,org.carlspring.cloud.storage.s3fs.path,ResolveSiblingTest,resolveSibling,Long Statement,The length of the statement "assertEquals(getPath("/bucket/path/to/file").resolveSibling(getPath("/bucket2/other/child"))`getPath("/bucket2/other/child"));" is 126.,42
s3fs-nio,org.carlspring.cloud.storage.s3fs.path,S3PathTest,normalize,Long Statement,The length of the statement "assertEquals(forPath("/bucket/path/to/")`forPath("/bucket/././././././foo/./././../././bar/./././../path/./to/././").normalize());" is 130.,104
s3fs-nio,org.carlspring.cloud.storage.s3fs.path,S3PathTest,nameCount,Magic Number,The method contains a magic number: 3,129
s3fs-nio,org.carlspring.cloud.storage.s3fs.path,SubpathTest,subPath,Magic Number,The method contains a magic number: 2,50
s3fs-nio,org.carlspring.cloud.storage.s3fs.path,SubpathTest,subPath,Magic Number,The method contains a magic number: 3,50
s3fs-nio,org.carlspring.cloud.storage.s3fs.path,SubpathTest,subPath,Magic Number,The method contains a magic number: 2,50
s3fs-nio,org.carlspring.cloud.storage.s3fs.path,SubpathTest,subPath,Magic Number,The method contains a magic number: 3,50
s3fs-nio,org.carlspring.cloud.storage.s3fs.path,SubpathTest,subPath,Magic Number,The method contains a magic number: 2,50
s3fs-nio,org.carlspring.cloud.storage.s3fs.path,SubpathTest,subPath,Magic Number,The method contains a magic number: 3,50
s3fs-nio,org.carlspring.cloud.storage.s3fs.path,SubpathTest,subPathOutOfRange,Magic Number,The method contains a magic number: 4,60
s3fs-nio,org.carlspring.cloud.storage.s3fs.spike,InstallProviderTest,cleanup,Empty catch clause,The method has an empty catch block.,43
s3fs-nio,org.carlspring.cloud.storage.s3fs.spike,InstallProviderTest,useZipProvider,Long Statement,The length of the statement "FileSystem fs=FileSystems.newFileSystem(URI.create("jar:file:" + pathFinal)`new HashMap<>()`this.getClass().getClassLoader());" is 126.,57
s3fs-nio,org.carlspring.cloud.storage.s3fs.spike,InstallProviderTest,useAlternativeZipProvider,Long Statement,The length of the statement "FileSystem fs=FileSystems.newFileSystem(URI.create("zipfs:file:" + pathFinal)`new HashMap<>()`this.getClass().getClassLoader());" is 128.,87
s3fs-nio,org.carlspring.cloud.storage.s3fs.spike,ProviderSpecTest,readNothing,Long Statement,The length of the statement "try (SeekableByteChannel seekable=Files.newByteChannel(Files.createFile(base.resolve("file1.html"))`EnumSet.of(StandardOpenOption.DELETE_ON_CLOSE))){" is 149.,39
s3fs-nio,org.carlspring.cloud.storage.s3fs.spike,ProviderSpecTest,seekable,Long Statement,The length of the statement "try (SeekableByteChannel seekable=Files.newByteChannel(base.resolve("file1.html")`EnumSet.of(StandardOpenOption.CREATE`StandardOpenOption.WRITE`StandardOpenOption.READ))){" is 171.,55
s3fs-nio,org.carlspring.cloud.storage.s3fs.spike,ProviderSpecTest,seekable,Magic Number,The method contains a magic number: 7,55
s3fs-nio,org.carlspring.cloud.storage.s3fs.spike,ProviderSpecTest,seekable,Magic Number,The method contains a magic number: 7,55
s3fs-nio,org.carlspring.cloud.storage.s3fs.spike,ProviderSpecTest,seekableRead,Magic Number,The method contains a magic number: 4096,79
s3fs-nio,org.carlspring.cloud.storage.s3fs.spike,URISpikeTest,test,Long Statement,The length of the statement "System.out.println("Bucket:" + Splitter.on("/").omitEmptyStrings().splitToList(URI.create(s3case).normalize().toString()).get(0));" is 130.,22
