Project Name,Package Name,Type Name,Method Name,Test Smell,Cause of the Smell
s3fs-nio,org.carlspring.cloud.storage.s3fs,AttributesUtilsTest,filterAll,Assertion roulette,The tool detected the smell in this test method because the test uses multiple assertion in the test. Total number of assertions in the test are: 10
s3fs-nio,org.carlspring.cloud.storage.s3fs,FilesIT,createEmptyDirTest,Assertion roulette,The tool detected the smell in this test method because the test uses multiple assertion in the test. Total number of assertions in the test are: 2
s3fs-nio,org.carlspring.cloud.storage.s3fs,FilesIT,createEmptyFileTest,Assertion roulette,The tool detected the smell in this test method because the test uses multiple assertion in the test. Total number of assertions in the test are: 2
s3fs-nio,org.carlspring.cloud.storage.s3fs,FilesIT,createTempFileAndWrite,Assertion roulette,The tool detected the smell in this test method because the test uses multiple assertion in the test. Total number of assertions in the test are: 2
s3fs-nio,org.carlspring.cloud.storage.s3fs,FilesIT,deleteDir,Assertion roulette,The tool detected the smell in this test method because the test uses multiple assertion in the test. Total number of assertions in the test are: 4
s3fs-nio,org.carlspring.cloud.storage.s3fs,FilesIT,copyDir,Assertion roulette,The tool detected the smell in this test method because the test uses multiple assertion in the test. Total number of assertions in the test are: 4
s3fs-nio,org.carlspring.cloud.storage.s3fs,FilesIT,directoryStreamBaseBucketFindDirectoryTest,Missing assertion,The tool detected the smell in this test method because the test doesn't have any assertion.
s3fs-nio,org.carlspring.cloud.storage.s3fs,FilesIT,directoryStreamBaseBucketFindFileTest,Missing assertion,The tool detected the smell in this test method because the test doesn't have any assertion.
s3fs-nio,org.carlspring.cloud.storage.s3fs,FilesIT,directoryStreamFirstDirTest,Assertion roulette,The tool detected the smell in this test method because the test uses multiple assertion in the test. Total number of assertions in the test are: 3
s3fs-nio,org.carlspring.cloud.storage.s3fs,FilesIT,virtualDirectoryStreamTest,Assertion roulette,The tool detected the smell in this test method because the test uses multiple assertion in the test. Total number of assertions in the test are: 4
s3fs-nio,org.carlspring.cloud.storage.s3fs,FilesIT,virtualDirectoryStreamWithVirtualSubFolderTest,Assertion roulette,The tool detected the smell in this test method because the test uses multiple assertion in the test. Total number of assertions in the test are: 4
s3fs-nio,org.carlspring.cloud.storage.s3fs,FilesIT,deleteFullDirTest,Exceptional handling,The tool detected the smell in this test method because the test throws exception(s) from test (rather than using assertThrows method or expected annotation)
s3fs-nio,org.carlspring.cloud.storage.s3fs,FilesIT,copyUpload,Assertion roulette,The tool detected the smell in this test method because the test uses multiple assertion in the test. Total number of assertions in the test are: 2
s3fs-nio,org.carlspring.cloud.storage.s3fs,FilesIT,copyDownload,Assertion roulette,The tool detected the smell in this test method because the test uses multiple assertion in the test. Total number of assertions in the test are: 2
s3fs-nio,org.carlspring.cloud.storage.s3fs,FilesIT,copyAsNewFileInS3,Assertion roulette,The tool detected the smell in this test method because the test uses multiple assertion in the test. Total number of assertions in the test are: 2
s3fs-nio,org.carlspring.cloud.storage.s3fs,FilesIT,moveFromDifferentProviders,Assertion roulette,The tool detected the smell in this test method because the test uses multiple assertion in the test. Total number of assertions in the test are: 2
s3fs-nio,org.carlspring.cloud.storage.s3fs,FilesIT,move,Assertion roulette,The tool detected the smell in this test method because the test uses multiple assertion in the test. Total number of assertions in the test are: 2
s3fs-nio,org.carlspring.cloud.storage.s3fs,FilesIT,createFileWithFolderAndNotExistsFolders,Assertion roulette,The tool detected the smell in this test method because the test uses multiple assertion in the test. Total number of assertions in the test are: 2
s3fs-nio,org.carlspring.cloud.storage.s3fs,FilesIT,readAttributesFile,Assertion roulette,The tool detected the smell in this test method because the test uses multiple assertion in the test. Total number of assertions in the test are: 6
s3fs-nio,org.carlspring.cloud.storage.s3fs,FilesIT,readAttributesString,Assertion roulette,The tool detected the smell in this test method because the test uses multiple assertion in the test. Total number of assertions in the test are: 7
s3fs-nio,org.carlspring.cloud.storage.s3fs,FilesIT,readAttributesDirectory,Assertion roulette,The tool detected the smell in this test method because the test uses multiple assertion in the test. Total number of assertions in the test are: 3
s3fs-nio,org.carlspring.cloud.storage.s3fs,FilesIT,bucketIsDirectory,Assertion roulette,The tool detected the smell in this test method because the test uses multiple assertion in the test. Total number of assertions in the test are: 5
s3fs-nio,org.carlspring.cloud.storage.s3fs,FilesIT,shouldReplaceExistingFileExample1,Assertion roulette,The tool detected the smell in this test method because the test uses multiple assertion in the test. Total number of assertions in the test are: 6
s3fs-nio,org.carlspring.cloud.storage.s3fs,FilesIT,shouldReplaceExistingFileExample2,Assertion roulette,The tool detected the smell in this test method because the test uses multiple assertion in the test. Total number of assertions in the test are: 6
s3fs-nio,org.carlspring.cloud.storage.s3fs,S3AwsRegionProviderChainTest,whenFirstProviderInChainHasNotSystemSettingsRegionPropertyItShouldThrowAnException,Assertion roulette,The tool detected the smell in this test method because the test uses multiple assertion in the test. Total number of assertions in the test are: 4
s3fs-nio,org.carlspring.cloud.storage.s3fs,S3AwsRegionProviderChainTest,whenSecondProviderInChainHasAwsProfileWithoutRegionItShouldThrowAnException,Assertion roulette,The tool detected the smell in this test method because the test uses multiple assertion in the test. Total number of assertions in the test are: 5
s3fs-nio,org.carlspring.cloud.storage.s3fs,S3ClientFactoryTest,neverTrustTheDefaults,Assertion roulette,The tool detected the smell in this test method because the test uses multiple assertion in the test. Total number of assertions in the test are: 15
s3fs-nio,org.carlspring.cloud.storage.s3fs,S3ClientFactoryTest,theDefaults,Assertion roulette,The tool detected the smell in this test method because the test uses multiple assertion in the test. Total number of assertions in the test are: 14
s3fs-nio,org.carlspring.cloud.storage.s3fs,S3ClientFactoryTest,halfTheCredentials,Assertion roulette,The tool detected the smell in this test method because the test uses multiple assertion in the test. Total number of assertions in the test are: 2
s3fs-nio,org.carlspring.cloud.storage.s3fs,S3ClientFactoryTest,theOtherHalf,Assertion roulette,The tool detected the smell in this test method because the test uses multiple assertion in the test. Total number of assertions in the test are: 2
s3fs-nio,org.carlspring.cloud.storage.s3fs,S3ClientFactoryTest,overrideHostAndPort,Assertion roulette,The tool detected the smell in this test method because the test uses multiple assertion in the test. Total number of assertions in the test are: 4
s3fs-nio,org.carlspring.cloud.storage.s3fs,S3ClientFactoryTest,shouldAllowUsingHTTPProxyAndHTTPSProtocolForS3Connections,Assertion roulette,The tool detected the smell in this test method because the test uses multiple assertion in the test. Total number of assertions in the test are: 2
s3fs-nio,org.carlspring.cloud.storage.s3fs,S3FileAttributesTest,toStringPrintsBasicInfo,Assertion roulette,The tool detected the smell in this test method because the test uses multiple assertion in the test. Total number of assertions in the test are: 5
s3fs-nio,org.carlspring.cloud.storage.s3fs,S3FileChannelTest,whenChannelNotOpenedThenReadShouldReturnZero,Assertion roulette,The tool detected the smell in this test method because the test uses multiple assertion in the test. Total number of assertions in the test are: 3
s3fs-nio,org.carlspring.cloud.storage.s3fs,S3FileChannelTest,constructorReadButTryToWrite,Assertion roulette,The tool detected the smell in this test method because the test uses multiple assertion in the test. Total number of assertions in the test are: 2
s3fs-nio,org.carlspring.cloud.storage.s3fs,S3FileChannelTest,whenChannelNotOpenedThenWriteShouldReturnZero,Assertion roulette,The tool detected the smell in this test method because the test uses multiple assertion in the test. Total number of assertions in the test are: 3
s3fs-nio,org.carlspring.cloud.storage.s3fs,S3FileChannelTest,constructorWriteButTryToRead,Assertion roulette,The tool detected the smell in this test method because the test uses multiple assertion in the test. Total number of assertions in the test are: 2
s3fs-nio,org.carlspring.cloud.storage.s3fs,S3FileChannelTest,alreadyExists,Assertion roulette,The tool detected the smell in this test method because the test uses multiple assertion in the test. Total number of assertions in the test are: 2
s3fs-nio,org.carlspring.cloud.storage.s3fs,S3FileChannelTest,brokenNetwork,Assertion roulette,The tool detected the smell in this test method because the test uses multiple assertion in the test. Total number of assertions in the test are: 2
s3fs-nio,org.carlspring.cloud.storage.s3fs,S3FileChannelTest,shouldNotCreateChannelWithWriteWhenTargetDoesNotExist,Assertion roulette,The tool detected the smell in this test method because the test uses multiple assertion in the test. Total number of assertions in the test are: 2
s3fs-nio,org.carlspring.cloud.storage.s3fs,S3FileChannelTest,shouldRemoveTempFileWhenRequiredButTargetDoesNotExist,Missing assertion,The tool detected the smell in this test method because the test doesn't have any assertion.
s3fs-nio,org.carlspring.cloud.storage.s3fs,S3FileChannelTest,lockAcquiresALockOfChannelFile,Assertion roulette,The tool detected the smell in this test method because the test uses multiple assertion in the test. Total number of assertions in the test are: 4
s3fs-nio,org.carlspring.cloud.storage.s3fs,S3FileChannelTest,lockWithHandlerAcquiresALockOfChannelFile,Assertion roulette,The tool detected the smell in this test method because the test uses multiple assertion in the test. Total number of assertions in the test are: 5
s3fs-nio,org.carlspring.cloud.storage.s3fs,S3FileChannelTest,tryLockOverAnAcquiredLockThrowsAnException,Assertion roulette,The tool detected the smell in this test method because the test uses multiple assertion in the test. Total number of assertions in the test are: 4
s3fs-nio,org.carlspring.cloud.storage.s3fs,S3FileChannelTest,tryLockShouldAcquireLockOverANotAcquiredLock,Assertion roulette,The tool detected the smell in this test method because the test uses multiple assertion in the test. Total number of assertions in the test are: 3
s3fs-nio,org.carlspring.cloud.storage.s3fs,S3FileStoreTest,bucketConstructor,Assertion roulette,The tool detected the smell in this test method because the test uses multiple assertion in the test. Total number of assertions in the test are: 2
s3fs-nio,org.carlspring.cloud.storage.s3fs,S3FileStoreTest,nameConstructorAlreadyExists,Assertion roulette,The tool detected the smell in this test method because the test uses multiple assertion in the test. Total number of assertions in the test are: 2
s3fs-nio,org.carlspring.cloud.storage.s3fs,S3FileStoreTest,getFileStoreAttributeView,Assertion roulette,The tool detected the smell in this test method because the test uses multiple assertion in the test. Total number of assertions in the test are: 5
s3fs-nio,org.carlspring.cloud.storage.s3fs,S3FileStoreTest,getUnsupportedFileStoreAttributeView,Assertion roulette,The tool detected the smell in this test method because the test uses multiple assertion in the test. Total number of assertions in the test are: 2
s3fs-nio,org.carlspring.cloud.storage.s3fs,S3FileStoreTest,getAttributes,Assertion roulette,The tool detected the smell in this test method because the test uses multiple assertion in the test. Total number of assertions in the test are: 4
s3fs-nio,org.carlspring.cloud.storage.s3fs,S3FileStoreTest,getOwner,Assertion roulette,The tool detected the smell in this test method because the test uses multiple assertion in the test. Total number of assertions in the test are: 2
s3fs-nio,org.carlspring.cloud.storage.s3fs,S3FileStoreTest,getRootDirectory,Assertion roulette,The tool detected the smell in this test method because the test uses multiple assertion in the test. Total number of assertions in the test are: 4
s3fs-nio,org.carlspring.cloud.storage.s3fs,S3FileStoreTest,getSpaces,Assertion roulette,The tool detected the smell in this test method because the test uses multiple assertion in the test. Total number of assertions in the test are: 8
s3fs-nio,org.carlspring.cloud.storage.s3fs,S3FileStoreTest,comparable,Assertion roulette,The tool detected the smell in this test method because the test uses multiple assertion in the test. Total number of assertions in the test are: 17
s3fs-nio,org.carlspring.cloud.storage.s3fs,S3FileSystemTest,getPathFirst,Assertion roulette,The tool detected the smell in this test method because the test uses multiple assertion in the test. Total number of assertions in the test are: 2
s3fs-nio,org.carlspring.cloud.storage.s3fs,S3FileSystemTest,getPathFirstWithMultiplesPaths,Assertion roulette,The tool detected the smell in this test method because the test uses multiple assertion in the test. Total number of assertions in the test are: 4
s3fs-nio,org.carlspring.cloud.storage.s3fs,S3FileSystemTest,getPathFirstAndMore,Assertion roulette,The tool detected the smell in this test method because the test uses multiple assertion in the test. Total number of assertions in the test are: 4
s3fs-nio,org.carlspring.cloud.storage.s3fs,S3FileSystemTest,getPathFirstAndMoreWithMultiplesPaths,Assertion roulette,The tool detected the smell in this test method because the test uses multiple assertion in the test. Total number of assertions in the test are: 3
s3fs-nio,org.carlspring.cloud.storage.s3fs,S3FileSystemTest,getPathFirstWithMultiplesPathsAndMoreWithMultiplesPaths,Assertion roulette,The tool detected the smell in this test method because the test uses multiple assertion in the test. Total number of assertions in the test are: 4
s3fs-nio,org.carlspring.cloud.storage.s3fs,S3FileSystemTest,getPathRelativeAndAbsoulte,Assertion roulette,The tool detected the smell in this test method because the test uses multiple assertion in the test. Total number of assertions in the test are: 6
s3fs-nio,org.carlspring.cloud.storage.s3fs,S3FileSystemTest,duplicatedSlashesAreDeleted,Assertion roulette,The tool detected the smell in this test method because the test uses multiple assertion in the test. Total number of assertions in the test are: 6
s3fs-nio,org.carlspring.cloud.storage.s3fs,S3FileSystemTest,getSeparatorSlash,Assertion roulette,The tool detected the smell in this test method because the test uses multiple assertion in the test. Total number of assertions in the test are: 2
s3fs-nio,org.carlspring.cloud.storage.s3fs,S3FileSystemTest,getPathMatcherThrowException,Assertion roulette,The tool detected the smell in this test method because the test uses multiple assertion in the test. Total number of assertions in the test are: 2
s3fs-nio,org.carlspring.cloud.storage.s3fs,S3FileSystemTest,getUserPrincipalLookupServiceThrowException,Assertion roulette,The tool detected the smell in this test method because the test uses multiple assertion in the test. Total number of assertions in the test are: 2
s3fs-nio,org.carlspring.cloud.storage.s3fs,S3FileSystemTest,newWatchServiceThrowException,Assertion roulette,The tool detected the smell in this test method because the test uses multiple assertion in the test. Total number of assertions in the test are: 2
s3fs-nio,org.carlspring.cloud.storage.s3fs,S3FileSystemTest,getPathWithoutBucket,Assertion roulette,The tool detected the smell in this test method because the test uses multiple assertion in the test. Total number of assertions in the test are: 2
s3fs-nio,org.carlspring.cloud.storage.s3fs,S3FileSystemTest,getFileStores,Assertion roulette,The tool detected the smell in this test method because the test uses multiple assertion in the test. Total number of assertions in the test are: 4
s3fs-nio,org.carlspring.cloud.storage.s3fs,S3FileSystemTest,getRootDirectories,Assertion roulette,The tool detected the smell in this test method because the test uses multiple assertion in the test. Total number of assertions in the test are: 4
s3fs-nio,org.carlspring.cloud.storage.s3fs,S3FileSystemTest,supportedFileAttributeViewsReturnBasic,Assertion roulette,The tool detected the smell in this test method because the test uses multiple assertion in the test. Total number of assertions in the test are: 4
s3fs-nio,org.carlspring.cloud.storage.s3fs,S3FileSystemTest,close,Assertion roulette,The tool detected the smell in this test method because the test uses multiple assertion in the test. Total number of assertions in the test are: 2
s3fs-nio,org.carlspring.cloud.storage.s3fs,S3FileSystemTest,comparables,Assertion roulette,The tool detected the smell in this test method because the test uses multiple assertion in the test. Total number of assertions in the test are: 15
s3fs-nio,org.carlspring.cloud.storage.s3fs,S3FileSystemTest,key2Parts,Assertion roulette,The tool detected the smell in this test method because the test uses multiple assertion in the test. Total number of assertions in the test are: 4
s3fs-nio,org.carlspring.cloud.storage.s3fs,S3FileSystemTest,createDirectoryWithAttributes,Assertion roulette,The tool detected the smell in this test method because the test uses multiple assertion in the test. Total number of assertions in the test are: 2
s3fs-nio,org.carlspring.cloud.storage.s3fs,S3FileSystemTest,isSameFile,Assertion roulette,The tool detected the smell in this test method because the test uses multiple assertion in the test. Total number of assertions in the test are: 4
s3fs-nio,org.carlspring.cloud.storage.s3fs,S3IteratorTest,iteratorDirectory,Missing assertion,The tool detected the smell in this test method because the test doesn't have any assertion.
s3fs-nio,org.carlspring.cloud.storage.s3fs,S3IteratorTest,iteratorAnotherDirectory,Missing assertion,The tool detected the smell in this test method because the test doesn't have any assertion.
s3fs-nio,org.carlspring.cloud.storage.s3fs,S3IteratorTest,iteratorWithFileContainsDirectoryName,Missing assertion,The tool detected the smell in this test method because the test doesn't have any assertion.
s3fs-nio,org.carlspring.cloud.storage.s3fs,S3IteratorTest,iteratorWithSubFolderAndSubFiles,Missing assertion,The tool detected the smell in this test method because the test doesn't have any assertion.
s3fs-nio,org.carlspring.cloud.storage.s3fs,S3IteratorTest,iteratorWithSubFolderAndSubFilesAtBucketLevel,Missing assertion,The tool detected the smell in this test method because the test doesn't have any assertion.
s3fs-nio,org.carlspring.cloud.storage.s3fs,S3IteratorTest,iteratorBucket,Missing assertion,The tool detected the smell in this test method because the test doesn't have any assertion.
s3fs-nio,org.carlspring.cloud.storage.s3fs,S3IteratorTest,iteratorExhausted,Assertion roulette,The tool detected the smell in this test method because the test uses multiple assertion in the test. Total number of assertions in the test are: 2
s3fs-nio,org.carlspring.cloud.storage.s3fs,S3IteratorTest,iteratorDirs,Missing assertion,The tool detected the smell in this test method because the test doesn't have any assertion.
s3fs-nio,org.carlspring.cloud.storage.s3fs,S3IteratorTest,virtualDirs,Missing assertion,The tool detected the smell in this test method because the test doesn't have any assertion.
s3fs-nio,org.carlspring.cloud.storage.s3fs,S3IteratorTest,incrementalVirtualDirs,Missing assertion,The tool detected the smell in this test method because the test doesn't have any assertion.
s3fs-nio,org.carlspring.cloud.storage.s3fs,S3IteratorTest,iteratorMoreThanS3ClientLimit,Missing assertion,The tool detected the smell in this test method because the test doesn't have any assertion.
s3fs-nio,org.carlspring.cloud.storage.s3fs,S3IteratorTest,remove,Assertion roulette,The tool detected the smell in this test method because the test uses multiple assertion in the test. Total number of assertions in the test are: 2
s3fs-nio,org.carlspring.cloud.storage.s3fs,S3OutputStreamTest,openAndCloseProducesEmptyObject,Missing assertion,The tool detected the smell in this test method because the test doesn't have any assertion.
s3fs-nio,org.carlspring.cloud.storage.s3fs,S3OutputStreamTest,writeToClosedStreamShouldProduceExceptionThreadSafe,Exceptional handling,The tool detected the smell in this test method because the test throws exception(s) from test (rather than using assertThrows method or expected annotation)
s3fs-nio,org.carlspring.cloud.storage.s3fs,S3OutputStreamTest,closingStreamShouldBeThreadSafe,Exceptional handling,The tool detected the smell in this test method because the test throws exception(s) from test (rather than using assertThrows method or expected annotation)
s3fs-nio,org.carlspring.cloud.storage.s3fs,S3OutputStreamTest,zeroBytesWrittenProduceEmptyObject,Missing assertion,The tool detected the smell in this test method because the test doesn't have any assertion.
s3fs-nio,org.carlspring.cloud.storage.s3fs,S3OutputStreamTest,closeAndWriteProducesIOException,Assertion roulette,The tool detected the smell in this test method because the test uses multiple assertion in the test. Total number of assertions in the test are: 2
s3fs-nio,org.carlspring.cloud.storage.s3fs,S3OutputStreamTest,maxNumberOfUploadPartsReachedProducesIOException,Assertion roulette,The tool detected the smell in this test method because the test uses multiple assertion in the test. Total number of assertions in the test are: 2
s3fs-nio,org.carlspring.cloud.storage.s3fs,S3OutputStreamTest,smallDataUsesPutObject,Missing assertion,The tool detected the smell in this test method because the test doesn't have any assertion.
s3fs-nio,org.carlspring.cloud.storage.s3fs,S3OutputStreamTest,bigDataUsesMultipartUpload,Missing assertion,The tool detected the smell in this test method because the test doesn't have any assertion.
s3fs-nio,org.carlspring.cloud.storage.s3fs,S3OutputStreamTest,whenCreateMultipartUploadFailsThenAnExceptionIsThrown,Assertion roulette,The tool detected the smell in this test method because the test uses multiple assertion in the test. Total number of assertions in the test are: 2
s3fs-nio,org.carlspring.cloud.storage.s3fs,S3OutputStreamTest,whenCreateMultipartUploadReturnsNullUploadIdThenAnExceptionIsThrown,Assertion roulette,The tool detected the smell in this test method because the test uses multiple assertion in the test. Total number of assertions in the test are: 2
s3fs-nio,org.carlspring.cloud.storage.s3fs,S3OutputStreamTest,whenUploadPartFailsThenAnExceptionIsThrown,Assertion roulette,The tool detected the smell in this test method because the test uses multiple assertion in the test. Total number of assertions in the test are: 2
s3fs-nio,org.carlspring.cloud.storage.s3fs,S3OutputStreamTest,whenUploadPartAndAbortMultipartFailsThenAnExceptionIsThrown,Assertion roulette,The tool detected the smell in this test method because the test uses multiple assertion in the test. Total number of assertions in the test are: 2
s3fs-nio,org.carlspring.cloud.storage.s3fs,S3SeekableByteChannelTest,writeNeedToSyncTempFile,Missing assertion,The tool detected the smell in this test method because the test doesn't have any assertion.
s3fs-nio,org.carlspring.cloud.storage.s3fs,S3SeekableByteChannelTest,alreadyExists,Assertion roulette,The tool detected the smell in this test method because the test uses multiple assertion in the test. Total number of assertions in the test are: 2
s3fs-nio,org.carlspring.cloud.storage.s3fs,S3SeekableByteChannelTest,brokenNetwork,Assertion roulette,The tool detected the smell in this test method because the test uses multiple assertion in the test. Total number of assertions in the test are: 2
s3fs-nio,org.carlspring.cloud.storage.s3fs,S3SeekableByteChannelTest,tempFileDisappeared,Assertion roulette,The tool detected the smell in this test method because the test uses multiple assertion in the test. Total number of assertions in the test are: 2
s3fs-nio,org.carlspring.cloud.storage.s3fs,S3SeekableByteChannelTest,writeFileWithReallyLongName,Missing assertion,The tool detected the smell in this test method because the test doesn't have any assertion.
s3fs-nio,org.carlspring.cloud.storage.s3fs,S3UtilsIT,lookupS3BasicFileAttributesWhenS3PathIsFile,Assertion roulette,The tool detected the smell in this test method because the test uses multiple assertion in the test. Total number of assertions in the test are: 8
s3fs-nio,org.carlspring.cloud.storage.s3fs,S3UtilsIT,lookupS3BasicFileAttributesWhenS3PathIsADirectoryAndIsVirtual,Assertion roulette,The tool detected the smell in this test method because the test uses multiple assertion in the test. Total number of assertions in the test are: 8
s3fs-nio,org.carlspring.cloud.storage.s3fs,S3UtilsIT,lookupS3BasicFileAttributesWhenS3PathIsADirectoryAndIsNotVirtualAndNoContent,Assertion roulette,The tool detected the smell in this test method because the test uses multiple assertion in the test. Total number of assertions in the test are: 8
s3fs-nio,org.carlspring.cloud.storage.s3fs,S3UtilsIT,lookupS3PosixFileAttributesWhenS3PathIsFile,Assertion roulette,The tool detected the smell in this test method because the test uses multiple assertion in the test. Total number of assertions in the test are: 8
s3fs-nio,org.carlspring.cloud.storage.s3fs,S3UtilsIT,lookupS3PosixFileAttributesWhenS3PathIsADirectoryAndIsVirtual,Assertion roulette,The tool detected the smell in this test method because the test uses multiple assertion in the test. Total number of assertions in the test are: 8
s3fs-nio,org.carlspring.cloud.storage.s3fs,S3UtilsIT,lookupS3PosixFileAttributesWhenS3PathIsADirectoryAndIsNotVirtualAndNoContent,Assertion roulette,The tool detected the smell in this test method because the test uses multiple assertion in the test. Total number of assertions in the test are: 8
s3fs-nio,org.carlspring.cloud.storage.s3fs,S3UtilsTest,getS3Object,Assertion roulette,The tool detected the smell in this test method because the test uses multiple assertion in the test. Total number of assertions in the test are: 7
s3fs-nio,org.carlspring.cloud.storage.s3fs,S3UtilsTest,getS3Object404,Assertion roulette,The tool detected the smell in this test method because the test uses multiple assertion in the test. Total number of assertions in the test are: 2
s3fs-nio,org.carlspring.cloud.storage.s3fs,S3UtilsTest,getS3Object500,Assertion roulette,The tool detected the smell in this test method because the test uses multiple assertion in the test. Total number of assertions in the test are: 2
s3fs-nio,org.carlspring.cloud.storage.s3fs,S3WalkerTest,walkFileTree,Assertion roulette,The tool detected the smell in this test method because the test uses multiple assertion in the test. Total number of assertions in the test are: 3
s3fs-nio,org.carlspring.cloud.storage.s3fs,S3WalkerTest,walkEmptyFileTree,Assertion roulette,The tool detected the smell in this test method because the test uses multiple assertion in the test. Total number of assertions in the test are: 2
s3fs-nio,org.carlspring.cloud.storage.s3fs,S3WalkerTest,walkLargeFileTree,Assertion roulette,The tool detected the smell in this test method because the test uses multiple assertion in the test. Total number of assertions in the test are: 2
s3fs-nio,org.carlspring.cloud.storage.s3fs,S3WalkerTest,noSuchElementTreeWalk,Assertion roulette,The tool detected the smell in this test method because the test uses multiple assertion in the test. Total number of assertions in the test are: 2
s3fs-nio,org.carlspring.cloud.storage.s3fs,S3WalkerTest,skippingWalk,Assertion roulette,The tool detected the smell in this test method because the test uses multiple assertion in the test. Total number of assertions in the test are: 2
s3fs-nio,org.carlspring.cloud.storage.s3fs.fileSystemProvider,CheckAccessTest,checkAccessRead,Missing assertion,The tool detected the smell in this test method because the test doesn't have any assertion.
s3fs-nio,org.carlspring.cloud.storage.s3fs.fileSystemProvider,CheckAccessTest,checkAccessWrite,Missing assertion,The tool detected the smell in this test method because the test doesn't have any assertion.
s3fs-nio,org.carlspring.cloud.storage.s3fs.fileSystemProvider,CheckAccessTest,checkAccessMissingFile,Assertion roulette,The tool detected the smell in this test method because the test uses multiple assertion in the test. Total number of assertions in the test are: 2
s3fs-nio,org.carlspring.cloud.storage.s3fs.fileSystemProvider,CheckAccessTest,checkAccessExecute,Assertion roulette,The tool detected the smell in this test method because the test uses multiple assertion in the test. Total number of assertions in the test are: 2
s3fs-nio,org.carlspring.cloud.storage.s3fs.fileSystemProvider,CopyTest,copy,Assertion roulette,The tool detected the smell in this test method because the test uses multiple assertion in the test. Total number of assertions in the test are: 2
s3fs-nio,org.carlspring.cloud.storage.s3fs.fileSystemProvider,CopyTest,copySameFile,Assertion roulette,The tool detected the smell in this test method because the test uses multiple assertion in the test. Total number of assertions in the test are: 3
s3fs-nio,org.carlspring.cloud.storage.s3fs.fileSystemProvider,CopyTest,copyAlreadyExistsWithReplace,Assertion roulette,The tool detected the smell in this test method because the test uses multiple assertion in the test. Total number of assertions in the test are: 2
s3fs-nio,org.carlspring.cloud.storage.s3fs.fileSystemProvider,CopyTest,copyAlreadyExists,Assertion roulette,The tool detected the smell in this test method because the test uses multiple assertion in the test. Total number of assertions in the test are: 2
s3fs-nio,org.carlspring.cloud.storage.s3fs.fileSystemProvider,CreateDirectoryTest,createDirectory,Assertion roulette,The tool detected the smell in this test method because the test uses multiple assertion in the test. Total number of assertions in the test are: 3
s3fs-nio,org.carlspring.cloud.storage.s3fs.fileSystemProvider,CreateDirectoryTest,createDirectoryInNewBucket,Assertion roulette,The tool detected the smell in this test method because the test uses multiple assertion in the test. Total number of assertions in the test are: 7
s3fs-nio,org.carlspring.cloud.storage.s3fs.fileSystemProvider,CreateDirectoryTest,createDirectoryWithSpace,Assertion roulette,The tool detected the smell in this test method because the test uses multiple assertion in the test. Total number of assertions in the test are: 4
s3fs-nio,org.carlspring.cloud.storage.s3fs.fileSystemProvider,DeleteTest,deleteFolder,Assertion roulette,The tool detected the smell in this test method because the test uses multiple assertion in the test. Total number of assertions in the test are: 4
s3fs-nio,org.carlspring.cloud.storage.s3fs.fileSystemProvider,GetFileAttributeViewTest,getBasicFileAttributeView,Assertion roulette,The tool detected the smell in this test method because the test uses multiple assertion in the test. Total number of assertions in the test are: 3
s3fs-nio,org.carlspring.cloud.storage.s3fs.fileSystemProvider,GetFileAttributeViewTest,getPosixFileAttributeView,Assertion roulette,The tool detected the smell in this test method because the test uses multiple assertion in the test. Total number of assertions in the test are: 3
s3fs-nio,org.carlspring.cloud.storage.s3fs.fileSystemProvider,GetFileSystemIT,getFileSystemWithSameEnvReturnSameFileSystem,Assertion roulette,The tool detected the smell in this test method because the test uses multiple assertion in the test. Total number of assertions in the test are: 2
s3fs-nio,org.carlspring.cloud.storage.s3fs.fileSystemProvider,GetPathTest,getPathWithEmptyEndpoint,Assertion roulette,The tool detected the smell in this test method because the test uses multiple assertion in the test. Total number of assertions in the test are: 2
s3fs-nio,org.carlspring.cloud.storage.s3fs.fileSystemProvider,GetPathTest,getPath,Assertion roulette,The tool detected the smell in this test method because the test uses multiple assertion in the test. Total number of assertions in the test are: 2
s3fs-nio,org.carlspring.cloud.storage.s3fs.fileSystemProvider,GetPathTest,getAnotherPath,Assertion roulette,The tool detected the smell in this test method because the test uses multiple assertion in the test. Total number of assertions in the test are: 2
s3fs-nio,org.carlspring.cloud.storage.s3fs.fileSystemProvider,GetPathTest,getPathWithEndpointAndWithoutBucket,Assertion roulette,The tool detected the smell in this test method because the test uses multiple assertion in the test. Total number of assertions in the test are: 2
s3fs-nio,org.carlspring.cloud.storage.s3fs.fileSystemProvider,GetPathTest,getPathWithDefaultEndpointAndWithoutBucket,Assertion roulette,The tool detected the smell in this test method because the test uses multiple assertion in the test. Total number of assertions in the test are: 2
s3fs-nio,org.carlspring.cloud.storage.s3fs.fileSystemProvider,MoveTest,move,Assertion roulette,The tool detected the smell in this test method because the test uses multiple assertion in the test. Total number of assertions in the test are: 3
s3fs-nio,org.carlspring.cloud.storage.s3fs.fileSystemProvider,MoveTest,moveWithReplaceExisting,Assertion roulette,The tool detected the smell in this test method because the test uses multiple assertion in the test. Total number of assertions in the test are: 3
s3fs-nio,org.carlspring.cloud.storage.s3fs.fileSystemProvider,MoveTest,moveWithoutReplaceExisting,Assertion roulette,The tool detected the smell in this test method because the test uses multiple assertion in the test. Total number of assertions in the test are: 2
s3fs-nio,org.carlspring.cloud.storage.s3fs.fileSystemProvider,MoveTest,moveWithAtomicOption,Assertion roulette,The tool detected the smell in this test method because the test uses multiple assertion in the test. Total number of assertions in the test are: 2
s3fs-nio,org.carlspring.cloud.storage.s3fs.fileSystemProvider,NewAsynchronousFileChannelTest,fileChannelWriteAndRead,Assertion roulette,The tool detected the smell in this test method because the test uses multiple assertion in the test. Total number of assertions in the test are: 3
s3fs-nio,org.carlspring.cloud.storage.s3fs.fileSystemProvider,NewAsynchronousFileChannelTest,fileChannelPositionRead,Assertion roulette,The tool detected the smell in this test method because the test uses multiple assertion in the test. Total number of assertions in the test are: 2
s3fs-nio,org.carlspring.cloud.storage.s3fs.fileSystemProvider,NewAsynchronousFileChannelTest,fileChannelPositionWrite,Assertion roulette,The tool detected the smell in this test method because the test uses multiple assertion in the test. Total number of assertions in the test are: 2
s3fs-nio,org.carlspring.cloud.storage.s3fs.fileSystemProvider,NewAsynchronousFileChannelTest,fileChannelIsOpen,Assertion roulette,The tool detected the smell in this test method because the test uses multiple assertion in the test. Total number of assertions in the test are: 3
s3fs-nio,org.carlspring.cloud.storage.s3fs.fileSystemProvider,NewAsynchronousFileChannelTest,fileChannelRead,Assertion roulette,The tool detected the smell in this test method because the test uses multiple assertion in the test. Total number of assertions in the test are: 3
s3fs-nio,org.carlspring.cloud.storage.s3fs.fileSystemProvider,NewAsynchronousFileChannelTest,fileChannelReadPartialContent,Assertion roulette,The tool detected the smell in this test method because the test uses multiple assertion in the test. Total number of assertions in the test are: 3
s3fs-nio,org.carlspring.cloud.storage.s3fs.fileSystemProvider,NewAsynchronousFileChannelTest,fileChannelTruncate,Assertion roulette,The tool detected the smell in this test method because the test uses multiple assertion in the test. Total number of assertions in the test are: 2
s3fs-nio,org.carlspring.cloud.storage.s3fs.fileSystemProvider,NewAsynchronousFileChannelTest,fileChannelCreateEmpty,Assertion roulette,The tool detected the smell in this test method because the test uses multiple assertion in the test. Total number of assertions in the test are: 2
s3fs-nio,org.carlspring.cloud.storage.s3fs.fileSystemProvider,NewAsynchronousFileChannelTest,fileChannelNotExists,Assertion roulette,The tool detected the smell in this test method because the test uses multiple assertion in the test. Total number of assertions in the test are: 2
s3fs-nio,org.carlspring.cloud.storage.s3fs.fileSystemProvider,NewAsynchronousFileChannelTestIT,newAsynchronousFileChannelCreateAndWrite,Assertion roulette,The tool detected the smell in this test method because the test uses multiple assertion in the test. Total number of assertions in the test are: 2
s3fs-nio,org.carlspring.cloud.storage.s3fs.fileSystemProvider,NewAsynchronousFileChannelTestIT,newAsynchronousFileChannelWrite,Assertion roulette,The tool detected the smell in this test method because the test uses multiple assertion in the test. Total number of assertions in the test are: 2
s3fs-nio,org.carlspring.cloud.storage.s3fs.fileSystemProvider,NewAsynchronousFileChannelTestIT,newAsynchronousFileChannelWriteWithoutPermission,Assertion roulette,The tool detected the smell in this test method because the test uses multiple assertion in the test. Total number of assertions in the test are: 2
s3fs-nio,org.carlspring.cloud.storage.s3fs.fileSystemProvider,NewAsynchronousFileChannelTestIT,newAsynchronousFileChannelRead,Assertion roulette,The tool detected the smell in this test method because the test uses multiple assertion in the test. Total number of assertions in the test are: 3
s3fs-nio,org.carlspring.cloud.storage.s3fs.fileSystemProvider,NewAsynchronousFileChannelTestIT,newAsynchronousFileChannelReadWithoutPermission,Assertion roulette,The tool detected the smell in this test method because the test uses multiple assertion in the test. Total number of assertions in the test are: 2
s3fs-nio,org.carlspring.cloud.storage.s3fs.fileSystemProvider,NewByteChannelIT,newByteChannelCreateAndWrite,Assertion roulette,The tool detected the smell in this test method because the test uses multiple assertion in the test. Total number of assertions in the test are: 2
s3fs-nio,org.carlspring.cloud.storage.s3fs.fileSystemProvider,NewByteChannelIT,newByteChannelWriteWithoutPermission,Assertion roulette,The tool detected the smell in this test method because the test uses multiple assertion in the test. Total number of assertions in the test are: 2
s3fs-nio,org.carlspring.cloud.storage.s3fs.fileSystemProvider,NewByteChannelIT,newByteChannelRead,Assertion roulette,The tool detected the smell in this test method because the test uses multiple assertion in the test. Total number of assertions in the test are: 2
s3fs-nio,org.carlspring.cloud.storage.s3fs.fileSystemProvider,NewByteChannelIT,newByteChannelReadWithoutPermission,Assertion roulette,The tool detected the smell in this test method because the test uses multiple assertion in the test. Total number of assertions in the test are: 2
s3fs-nio,org.carlspring.cloud.storage.s3fs.fileSystemProvider,NewByteChannelTest,seekable,Assertion roulette,The tool detected the smell in this test method because the test uses multiple assertion in the test. Total number of assertions in the test are: 2
s3fs-nio,org.carlspring.cloud.storage.s3fs.fileSystemProvider,NewByteChannelTest,seekablePosition,Assertion roulette,The tool detected the smell in this test method because the test uses multiple assertion in the test. Total number of assertions in the test are: 2
s3fs-nio,org.carlspring.cloud.storage.s3fs.fileSystemProvider,NewByteChannelTest,seekablePositionRead,Assertion roulette,The tool detected the smell in this test method because the test uses multiple assertion in the test. Total number of assertions in the test are: 2
s3fs-nio,org.carlspring.cloud.storage.s3fs.fileSystemProvider,NewByteChannelTest,seekablePositionWrite,Assertion roulette,The tool detected the smell in this test method because the test uses multiple assertion in the test. Total number of assertions in the test are: 2
s3fs-nio,org.carlspring.cloud.storage.s3fs.fileSystemProvider,NewByteChannelTest,seekableIsOpen,Assertion roulette,The tool detected the smell in this test method because the test uses multiple assertion in the test. Total number of assertions in the test are: 3
s3fs-nio,org.carlspring.cloud.storage.s3fs.fileSystemProvider,NewByteChannelTest,seekableRead,Assertion roulette,The tool detected the smell in this test method because the test uses multiple assertion in the test. Total number of assertions in the test are: 2
s3fs-nio,org.carlspring.cloud.storage.s3fs.fileSystemProvider,NewByteChannelTest,seekableReadPartialContent,Assertion roulette,The tool detected the smell in this test method because the test uses multiple assertion in the test. Total number of assertions in the test are: 2
s3fs-nio,org.carlspring.cloud.storage.s3fs.fileSystemProvider,NewByteChannelTest,seekableCreateEmpty,Assertion roulette,The tool detected the smell in this test method because the test uses multiple assertion in the test. Total number of assertions in the test are: 2
s3fs-nio,org.carlspring.cloud.storage.s3fs.fileSystemProvider,NewByteChannelTest,seekableNotExists,Assertion roulette,The tool detected the smell in this test method because the test uses multiple assertion in the test. Total number of assertions in the test are: 2
s3fs-nio,org.carlspring.cloud.storage.s3fs.fileSystemProvider,NewDirectoryStreamTest,createStreamDirectoryReader,Missing assertion,The tool detected the smell in this test method because the test doesn't have any assertion.
s3fs-nio,org.carlspring.cloud.storage.s3fs.fileSystemProvider,NewDirectoryStreamTest,createWithDirStreamDirectoryReader,Missing assertion,The tool detected the smell in this test method because the test doesn't have any assertion.
s3fs-nio,org.carlspring.cloud.storage.s3fs.fileSystemProvider,NewDirectoryStreamTest,createStreamDirectoryFromDirectoryReader,Missing assertion,The tool detected the smell in this test method because the test doesn't have any assertion.
s3fs-nio,org.carlspring.cloud.storage.s3fs.fileSystemProvider,NewDirectoryStreamTest,removeIteratorStreamDirectoryReader,Assertion roulette,The tool detected the smell in this test method because the test uses multiple assertion in the test. Total number of assertions in the test are: 2
s3fs-nio,org.carlspring.cloud.storage.s3fs.fileSystemProvider,NewDirectoryStreamTest,directoryStreamWithFilter,Missing assertion,The tool detected the smell in this test method because the test doesn't have any assertion.
s3fs-nio,org.carlspring.cloud.storage.s3fs.fileSystemProvider,NewFileSystemIT,createsAuthenticatedByEnvOverridesProps,Missing assertion,The tool detected the smell in this test method because the test doesn't have any assertion.
s3fs-nio,org.carlspring.cloud.storage.s3fs.fileSystemProvider,NewFileSystemIT,createsAuthenticatedByUri,Missing assertion,The tool detected the smell in this test method because the test doesn't have any assertion.
s3fs-nio,org.carlspring.cloud.storage.s3fs.fileSystemProvider,NewFileSystemTest,misconfigure,Assertion roulette,The tool detected the smell in this test method because the test uses multiple assertion in the test. Total number of assertions in the test are: 2
s3fs-nio,org.carlspring.cloud.storage.s3fs.fileSystemProvider,NewFileSystemTest,createAuthenticatedBySystemEnvironment,Assertion roulette,The tool detected the smell in this test method because the test uses multiple assertion in the test. Total number of assertions in the test are: 2
s3fs-nio,org.carlspring.cloud.storage.s3fs.fileSystemProvider,NewFileSystemTest,createWithOnlyAccessKey,Assertion roulette,The tool detected the smell in this test method because the test uses multiple assertion in the test. Total number of assertions in the test are: 2
s3fs-nio,org.carlspring.cloud.storage.s3fs.fileSystemProvider,NewFileSystemTest,createWithOnlySecretKey,Assertion roulette,The tool detected the smell in this test method because the test uses multiple assertion in the test. Total number of assertions in the test are: 2
s3fs-nio,org.carlspring.cloud.storage.s3fs.fileSystemProvider,NewFileSystemTest,createFailsIfAlreadyCreated,Assertion roulette,The tool detected the smell in this test method because the test uses multiple assertion in the test. Total number of assertions in the test are: 3
s3fs-nio,org.carlspring.cloud.storage.s3fs.fileSystemProvider,NewFileSystemTest,createWithWrongEnv,Assertion roulette,The tool detected the smell in this test method because the test uses multiple assertion in the test. Total number of assertions in the test are: 3
s3fs-nio,org.carlspring.cloud.storage.s3fs.fileSystemProvider,NewFileSystemTest,getFileSystem,Assertion roulette,The tool detected the smell in this test method because the test uses multiple assertion in the test. Total number of assertions in the test are: 3
s3fs-nio,org.carlspring.cloud.storage.s3fs.fileSystemProvider,NewFileSystemTest,closeFileSystemReturnNewFileSystem,Assertion roulette,The tool detected the smell in this test method because the test uses multiple assertion in the test. Total number of assertions in the test are: 2
s3fs-nio,org.carlspring.cloud.storage.s3fs.fileSystemProvider,NewFileSystemTest,createTwoFileSystemThrowError,Assertion roulette,The tool detected the smell in this test method because the test uses multiple assertion in the test. Total number of assertions in the test are: 3
s3fs-nio,org.carlspring.cloud.storage.s3fs.fileSystemProvider,NewInputStreamTest,newInputStreamFileNotExists,Assertion roulette,The tool detected the smell in this test method because the test uses multiple assertion in the test. Total number of assertions in the test are: 3
s3fs-nio,org.carlspring.cloud.storage.s3fs.fileSystemProvider,NewInputStreamTest,inputStreamDirectory,Assertion roulette,The tool detected the smell in this test method because the test uses multiple assertion in the test. Total number of assertions in the test are: 2
s3fs-nio,org.carlspring.cloud.storage.s3fs.fileSystemProvider,NewOutputStreamTest,outputStreamWithCreateNewAndFileExists,Assertion roulette,The tool detected the smell in this test method because the test uses multiple assertion in the test. Total number of assertions in the test are: 2
s3fs-nio,org.carlspring.cloud.storage.s3fs.fileSystemProvider,NewOutputStreamTest,outputStreamWithCreateAndFileExists,Assertion roulette,The tool detected the smell in this test method because the test uses multiple assertion in the test. Total number of assertions in the test are: 2
s3fs-nio,org.carlspring.cloud.storage.s3fs.fileSystemProvider,ReadAttributesTest,readAttributesFileEmpty,Assertion roulette,The tool detected the smell in this test method because the test uses multiple assertion in the test. Total number of assertions in the test are: 6
s3fs-nio,org.carlspring.cloud.storage.s3fs.fileSystemProvider,ReadAttributesTest,readAttributesFile,Assertion roulette,The tool detected the smell in this test method because the test uses multiple assertion in the test. Total number of assertions in the test are: 10
s3fs-nio,org.carlspring.cloud.storage.s3fs.fileSystemProvider,ReadAttributesTest,readAttributesDirectory,Assertion roulette,The tool detected the smell in this test method because the test uses multiple assertion in the test. Total number of assertions in the test are: 12
s3fs-nio,org.carlspring.cloud.storage.s3fs.fileSystemProvider,ReadAttributesTest,readAttributesDirectoryNotExistsAtAmazon,Assertion roulette,The tool detected the smell in this test method because the test uses multiple assertion in the test. Total number of assertions in the test are: 12
s3fs-nio,org.carlspring.cloud.storage.s3fs.fileSystemProvider,ReadAttributesTest,readAttributesRegenerateCacheWhenNotExists,Assertion roulette,The tool detected the smell in this test method because the test uses multiple assertion in the test. Total number of assertions in the test are: 3
s3fs-nio,org.carlspring.cloud.storage.s3fs.fileSystemProvider,ReadAttributesTest,readAttributesPosixRegenerateCacheWhenNotExists,Assertion roulette,The tool detected the smell in this test method because the test uses multiple assertion in the test. Total number of assertions in the test are: 3
s3fs-nio,org.carlspring.cloud.storage.s3fs.fileSystemProvider,ReadAttributesTest,readAttributesFileNotExists,Assertion roulette,The tool detected the smell in this test method because the test uses multiple assertion in the test. Total number of assertions in the test are: 2
s3fs-nio,org.carlspring.cloud.storage.s3fs.fileSystemProvider,ReadAttributesTest,readAttributesFileNotExistsButExistsAnotherThatContainsTheKey,Assertion roulette,The tool detected the smell in this test method because the test uses multiple assertion in the test. Total number of assertions in the test are: 2
s3fs-nio,org.carlspring.cloud.storage.s3fs.fileSystemProvider,ReadAttributesTest,readAttributesNotAcceptedSubclass,Assertion roulette,The tool detected the smell in this test method because the test uses multiple assertion in the test. Total number of assertions in the test are: 2
s3fs-nio,org.carlspring.cloud.storage.s3fs.fileSystemProvider,ReadAttributesTest,readPosixPermissionOwnerWriteAttributes,Assertion roulette,The tool detected the smell in this test method because the test uses multiple assertion in the test. Total number of assertions in the test are: 2
s3fs-nio,org.carlspring.cloud.storage.s3fs.fileSystemProvider,ReadAttributesTest,readPosixPermissionOwnerExecuteAttributes,Assertion roulette,The tool detected the smell in this test method because the test uses multiple assertion in the test. Total number of assertions in the test are: 2
s3fs-nio,org.carlspring.cloud.storage.s3fs.fileSystemProvider,ReadAttributesTest,readPosixPermissionGroupWriteAttributes,Assertion roulette,The tool detected the smell in this test method because the test uses multiple assertion in the test. Total number of assertions in the test are: 2
s3fs-nio,org.carlspring.cloud.storage.s3fs.fileSystemProvider,ReadAttributesTest,readPosixPermissionGroupExecuteAttributes,Assertion roulette,The tool detected the smell in this test method because the test uses multiple assertion in the test. Total number of assertions in the test are: 2
s3fs-nio,org.carlspring.cloud.storage.s3fs.fileSystemProvider,ReadAttributesTest,readPosixPermissionOtherWriteAttributes,Assertion roulette,The tool detected the smell in this test method because the test uses multiple assertion in the test. Total number of assertions in the test are: 2
s3fs-nio,org.carlspring.cloud.storage.s3fs.fileSystemProvider,ReadAttributesTest,readPosixPermissionOwnerAndGroupAttributes,Assertion roulette,The tool detected the smell in this test method because the test uses multiple assertion in the test. Total number of assertions in the test are: 2
s3fs-nio,org.carlspring.cloud.storage.s3fs.fileSystemProvider,ReadAttributesTest,readAttributesAll,Assertion roulette,The tool detected the smell in this test method because the test uses multiple assertion in the test. Total number of assertions in the test are: 10
s3fs-nio,org.carlspring.cloud.storage.s3fs.fileSystemProvider,ReadAttributesTest,readAttributesAllBasic,Assertion roulette,The tool detected the smell in this test method because the test uses multiple assertion in the test. Total number of assertions in the test are: 2
s3fs-nio,org.carlspring.cloud.storage.s3fs.fileSystemProvider,ReadAttributesTest,readAttributesOnlyOne,Assertion roulette,The tool detected the smell in this test method because the test uses multiple assertion in the test. Total number of assertions in the test are: 3
s3fs-nio,org.carlspring.cloud.storage.s3fs.fileSystemProvider,ReadAttributesTest,readAttributesPartial,Assertion roulette,The tool detected the smell in this test method because the test uses multiple assertion in the test. Total number of assertions in the test are: 4
s3fs-nio,org.carlspring.cloud.storage.s3fs.fileSystemProvider,ReadAttributesTest,readAttributesPartialBasic,Assertion roulette,The tool detected the smell in this test method because the test uses multiple assertion in the test. Total number of assertions in the test are: 2
s3fs-nio,org.carlspring.cloud.storage.s3fs.fileSystemProvider,ReadAttributesTest,readAttributesNullAttrs,Assertion roulette,The tool detected the smell in this test method because the test uses multiple assertion in the test. Total number of assertions in the test are: 2
s3fs-nio,org.carlspring.cloud.storage.s3fs.fileSystemProvider,ReadAttributesTest,readAttributesDosNotSupported,Assertion roulette,The tool detected the smell in this test method because the test uses multiple assertion in the test. Total number of assertions in the test are: 2
s3fs-nio,org.carlspring.cloud.storage.s3fs.fileSystemProvider,ReadAttributesTest,readAttributesUnknownNotSupported,Assertion roulette,The tool detected the smell in this test method because the test uses multiple assertion in the test. Total number of assertions in the test are: 2
s3fs-nio,org.carlspring.cloud.storage.s3fs.fileSystemProvider,ReadAttributesTest,readAttributesObject,Assertion roulette,The tool detected the smell in this test method because the test uses multiple assertion in the test. Total number of assertions in the test are: 2
s3fs-nio,org.carlspring.cloud.storage.s3fs.fileSystemProvider,SetAttributeTest,readAttributesObject,Assertion roulette,The tool detected the smell in this test method because the test uses multiple assertion in the test. Total number of assertions in the test are: 2
s3fs-nio,org.carlspring.cloud.storage.s3fs.junit.annotations,MinioIntegrationTestAnnotationTest,testClassLevelAnnotation,Assertion roulette,The tool detected the smell in this test method because the test uses multiple assertion in the test. Total number of assertions in the test are: 5
s3fs-nio,org.carlspring.cloud.storage.s3fs.junit.annotations,MinioIntegrationTestAnnotationTest,testMethodLevelAnnotation,Assertion roulette,The tool detected the smell in this test method because the test uses multiple assertion in the test. Total number of assertions in the test are: 6
s3fs-nio,org.carlspring.cloud.storage.s3fs.junit.annotations,S3IntegrationTestAnnotationTest,testClassLevelAnnotation,Assertion roulette,The tool detected the smell in this test method because the test uses multiple assertion in the test. Total number of assertions in the test are: 5
s3fs-nio,org.carlspring.cloud.storage.s3fs.junit.annotations,S3IntegrationTestAnnotationTest,testMethodLevelAnnotation,Assertion roulette,The tool detected the smell in this test method because the test uses multiple assertion in the test. Total number of assertions in the test are: 6
s3fs-nio,org.carlspring.cloud.storage.s3fs.path,EndsWithTest,endsWithDifferentProvider,Assertion roulette,The tool detected the smell in this test method because the test uses multiple assertion in the test. Total number of assertions in the test are: 2
s3fs-nio,org.carlspring.cloud.storage.s3fs.path,EndsWithTest,endsWithString,Assertion roulette,The tool detected the smell in this test method because the test uses multiple assertion in the test. Total number of assertions in the test are: 8
s3fs-nio,org.carlspring.cloud.storage.s3fs.path,EqualsTest,notEqualsDifferentProvider,Assertion roulette,The tool detected the smell in this test method because the test uses multiple assertion in the test. Total number of assertions in the test are: 3
s3fs-nio,org.carlspring.cloud.storage.s3fs.path,GetFileNameTest,getFileNameInDir,Assertion roulette,The tool detected the smell in this test method because the test uses multiple assertion in the test. Total number of assertions in the test are: 2
s3fs-nio,org.carlspring.cloud.storage.s3fs.path,GetNameTest,getNameBucket,Assertion roulette,The tool detected the smell in this test method because the test uses multiple assertion in the test. Total number of assertions in the test are: 2
s3fs-nio,org.carlspring.cloud.storage.s3fs.path,GetNameTest,getNames,Assertion roulette,The tool detected the smell in this test method because the test uses multiple assertion in the test. Total number of assertions in the test are: 3
s3fs-nio,org.carlspring.cloud.storage.s3fs.path,GetNameTest,getNameOutOfIndex,Assertion roulette,The tool detected the smell in this test method because the test uses multiple assertion in the test. Total number of assertions in the test are: 2
s3fs-nio,org.carlspring.cloud.storage.s3fs.path,IteratorTest,iterator,Assertion roulette,The tool detected the smell in this test method because the test uses multiple assertion in the test. Total number of assertions in the test are: 4
s3fs-nio,org.carlspring.cloud.storage.s3fs.path,ResolveSiblingTest,resolveSibling,Assertion roulette,The tool detected the smell in this test method because the test uses multiple assertion in the test. Total number of assertions in the test are: 12
s3fs-nio,org.carlspring.cloud.storage.s3fs.path,ResolveSiblingTest,resolveSiblingString,Assertion roulette,The tool detected the smell in this test method because the test uses multiple assertion in the test. Total number of assertions in the test are: 12
s3fs-nio,org.carlspring.cloud.storage.s3fs.path,ResolveTest,resolve,Assertion roulette,The tool detected the smell in this test method because the test uses multiple assertion in the test. Total number of assertions in the test are: 12
s3fs-nio,org.carlspring.cloud.storage.s3fs.path,S3PathTest,createNoPath,Assertion roulette,The tool detected the smell in this test method because the test uses multiple assertion in the test. Total number of assertions in the test are: 2
s3fs-nio,org.carlspring.cloud.storage.s3fs.path,S3PathTest,createWithTrailingSlash,Assertion roulette,The tool detected the smell in this test method because the test uses multiple assertion in the test. Total number of assertions in the test are: 2
s3fs-nio,org.carlspring.cloud.storage.s3fs.path,S3PathTest,createWithPath,Assertion roulette,The tool detected the smell in this test method because the test uses multiple assertion in the test. Total number of assertions in the test are: 2
s3fs-nio,org.carlspring.cloud.storage.s3fs.path,S3PathTest,createWithPathAndTrailingSlash,Assertion roulette,The tool detected the smell in this test method because the test uses multiple assertion in the test. Total number of assertions in the test are: 2
s3fs-nio,org.carlspring.cloud.storage.s3fs.path,S3PathTest,createWithPathAndTrailingSlashDir,Assertion roulette,The tool detected the smell in this test method because the test uses multiple assertion in the test. Total number of assertions in the test are: 2
s3fs-nio,org.carlspring.cloud.storage.s3fs.path,S3PathTest,createRelative,Assertion roulette,The tool detected the smell in this test method because the test uses multiple assertion in the test. Total number of assertions in the test are: 3
s3fs-nio,org.carlspring.cloud.storage.s3fs.path,S3PathTest,getParent,Assertion roulette,The tool detected the smell in this test method because the test uses multiple assertion in the test. Total number of assertions in the test are: 4
s3fs-nio,org.carlspring.cloud.storage.s3fs.path,S3PathTest,normalize,Assertion roulette,The tool detected the smell in this test method because the test uses multiple assertion in the test. Total number of assertions in the test are: 14
s3fs-nio,org.carlspring.cloud.storage.s3fs.path,S3PathTest,nameCount,Assertion roulette,The tool detected the smell in this test method because the test uses multiple assertion in the test. Total number of assertions in the test are: 2
s3fs-nio,org.carlspring.cloud.storage.s3fs.path,S3PathTest,relativize,Assertion roulette,The tool detected the smell in this test method because the test uses multiple assertion in the test. Total number of assertions in the test are: 3
s3fs-nio,org.carlspring.cloud.storage.s3fs.path,S3PathTest,registerWatcherShouldThrowException,Assertion roulette,The tool detected the smell in this test method because the test uses multiple assertion in the test. Total number of assertions in the test are: 2
s3fs-nio,org.carlspring.cloud.storage.s3fs.path,S3PathTest,registerWatcherWithEventsAndModifierShouldThrowUnsupportedOperationException,Assertion roulette,The tool detected the smell in this test method because the test uses multiple assertion in the test. Total number of assertions in the test are: 2
s3fs-nio,org.carlspring.cloud.storage.s3fs.path,S3PathTest,toFile,Assertion roulette,The tool detected the smell in this test method because the test uses multiple assertion in the test. Total number of assertions in the test are: 2
s3fs-nio,org.carlspring.cloud.storage.s3fs.path,S3PathTest,compare,Assertion roulette,The tool detected the smell in this test method because the test uses multiple assertion in the test. Total number of assertions in the test are: 7
s3fs-nio,org.carlspring.cloud.storage.s3fs.path,S3PathTest,toAbsolutePathRelativePathThrowException,Assertion roulette,The tool detected the smell in this test method because the test uses multiple assertion in the test. Total number of assertions in the test are: 2
s3fs-nio,org.carlspring.cloud.storage.s3fs.path,S3PathTest,hashCodeHashMap,Assertion roulette,The tool detected the smell in this test method because the test uses multiple assertion in the test. Total number of assertions in the test are: 2
s3fs-nio,org.carlspring.cloud.storage.s3fs.path,S3PathTest,preconditions,Assertion roulette,The tool detected the smell in this test method because the test uses multiple assertion in the test. Total number of assertions in the test are: 2
s3fs-nio,org.carlspring.cloud.storage.s3fs.path,S3PathTest,constructors,Assertion roulette,The tool detected the smell in this test method because the test uses multiple assertion in the test. Total number of assertions in the test are: 19
s3fs-nio,org.carlspring.cloud.storage.s3fs.path,S3PathTest,register,Assertion roulette,The tool detected the smell in this test method because the test uses multiple assertion in the test. Total number of assertions in the test are: 2
s3fs-nio,org.carlspring.cloud.storage.s3fs.path,S3PathTest,registerWatchService,Assertion roulette,The tool detected the smell in this test method because the test uses multiple assertion in the test. Total number of assertions in the test are: 2
s3fs-nio,org.carlspring.cloud.storage.s3fs.path,StartsWithTest,startsWithBucket,Assertion roulette,The tool detected the smell in this test method because the test uses multiple assertion in the test. Total number of assertions in the test are: 2
s3fs-nio,org.carlspring.cloud.storage.s3fs.path,StartsWithTest,startsWithFalse,Assertion roulette,The tool detected the smell in this test method because the test uses multiple assertion in the test. Total number of assertions in the test are: 2
s3fs-nio,org.carlspring.cloud.storage.s3fs.path,StartsWithTest,startsWithStringFalse,Assertion roulette,The tool detected the smell in this test method because the test uses multiple assertion in the test. Total number of assertions in the test are: 2
s3fs-nio,org.carlspring.cloud.storage.s3fs.path,SubpathTest,subPath,Assertion roulette,The tool detected the smell in this test method because the test uses multiple assertion in the test. Total number of assertions in the test are: 5
s3fs-nio,org.carlspring.cloud.storage.s3fs.path,SubpathTest,subPathOutOfRange,Assertion roulette,The tool detected the smell in this test method because the test uses multiple assertion in the test. Total number of assertions in the test are: 2
s3fs-nio,org.carlspring.cloud.storage.s3fs.path,ToUriTest,toUri,Assertion roulette,The tool detected the smell in this test method because the test uses multiple assertion in the test. Total number of assertions in the test are: 3
s3fs-nio,org.carlspring.cloud.storage.s3fs.path,ToUriTest,toUriWithEndpoint,Assertion roulette,The tool detected the smell in this test method because the test uses multiple assertion in the test. Total number of assertions in the test are: 3
s3fs-nio,org.carlspring.cloud.storage.s3fs.spike,EnvironmentIT,couldCreateFileSystem,Assertion roulette,The tool detected the smell in this test method because the test uses multiple assertion in the test. Total number of assertions in the test are: 3
s3fs-nio,org.carlspring.cloud.storage.s3fs.spike,FileStoreTest,getFileStore,Missing assertion,The tool detected the smell in this test method because the test doesn't have any assertion.
s3fs-nio,org.carlspring.cloud.storage.s3fs.spike,InstallProviderTest,useZipProvider,Assertion roulette,The tool detected the smell in this test method because the test uses multiple assertion in the test. Total number of assertions in the test are: 3
s3fs-nio,org.carlspring.cloud.storage.s3fs.spike,InstallProviderTest,useAlternativeZipProvider,Assertion roulette,The tool detected the smell in this test method because the test uses multiple assertion in the test. Total number of assertions in the test are: 4
s3fs-nio,org.carlspring.cloud.storage.s3fs.spike,InstallProviderTest,newS3Provider,Assertion roulette,The tool detected the smell in this test method because the test uses multiple assertion in the test. Total number of assertions in the test are: 4
s3fs-nio,org.carlspring.cloud.storage.s3fs.spike,InstallProviderTest,getZipProvider,Assertion roulette,The tool detected the smell in this test method because the test uses multiple assertion in the test. Total number of assertions in the test are: 2
s3fs-nio,org.carlspring.cloud.storage.s3fs.spike,InstallProviderTest,getZipPath,Assertion roulette,The tool detected the smell in this test method because the test uses multiple assertion in the test. Total number of assertions in the test are: 2
s3fs-nio,org.carlspring.cloud.storage.s3fs.spike,InstallProviderTest,getMemoryPath,Assertion roulette,The tool detected the smell in this test method because the test uses multiple assertion in the test. Total number of assertions in the test are: 2
s3fs-nio,org.carlspring.cloud.storage.s3fs.spike,PathSpecTest,firstAndMore,Assertion roulette,The tool detected the smell in this test method because the test uses multiple assertion in the test. Total number of assertions in the test are: 2
s3fs-nio,org.carlspring.cloud.storage.s3fs.spike,PathSpecTest,startsWithFalse,Assertion roulette,The tool detected the smell in this test method because the test uses multiple assertion in the test. Total number of assertions in the test are: 2
s3fs-nio,org.carlspring.cloud.storage.s3fs.spike,PathSpecTest2,getFileName,Assertion roulette,The tool detected the smell in this test method because the test uses multiple assertion in the test. Total number of assertions in the test are: 2
s3fs-nio,org.carlspring.cloud.storage.s3fs.spike,PathSpecTest2,fileWithSameNameAsDir,Assertion roulette,The tool detected the smell in this test method because the test uses multiple assertion in the test. Total number of assertions in the test are: 2
s3fs-nio,org.carlspring.cloud.storage.s3fs.spike,PathSpecTest2,dirWithSameNameAsFile,Assertion roulette,The tool detected the smell in this test method because the test uses multiple assertion in the test. Total number of assertions in the test are: 2
s3fs-nio,org.carlspring.cloud.storage.s3fs.spike,PathSpecTest2,createDirWithoutEndSlash,Missing assertion,The tool detected the smell in this test method because the test doesn't have any assertion.
s3fs-nio,org.carlspring.cloud.storage.s3fs.spike,PathSpecTest2,getRoot,Missing assertion,The tool detected the smell in this test method because the test doesn't have any assertion.
s3fs-nio,org.carlspring.cloud.storage.s3fs.spike,ProviderSpecTest,seekableRead,Missing assertion,The tool detected the smell in this test method because the test doesn't have any assertion.
s3fs-nio,org.carlspring.cloud.storage.s3fs.spike,SpecTest,readAttributes,Missing assertion,The tool detected the smell in this test method because the test doesn't have any assertion.
s3fs-nio,org.carlspring.cloud.storage.s3fs.spike,URISpikeTest,test,Missing assertion,The tool detected the smell in this test method because the test doesn't have any assertion.
s3fs-nio,org.carlspring.cloud.storage.s3fs.spike,URISpikeTest,uriWithSpaces,Missing assertion,The tool detected the smell in this test method because the test doesn't have any assertion.
